image,x_min,x_max,y_min,y_max
5457e84469736d0f71ee1700,415,415,0,0
5457e84469736d0f71ee1700,416,416,0,0
5457e84469736d0f71ee1700,422,424,0,3
5457e84469736d0f71ee1700,423,423,0,0
5457e84469736d0f71ee1700,400,400,7,7
5457e84469736d0f71ee1700,400,401,14,15
5457e84469736d0f71ee1700,480,480,24,26
5457e84469736d0f71ee1700,432,432,37,38
5457e84469736d0f71ee1700,438,438,39,39
5457e84469736d0f71ee1700,454,455,96,96
5457e84469736d0f71ee1700,455,455,96,96
5457e84469736d0f71ee1700,448,448,98,98
5457e84469736d0f71ee1700,32,32,111,111
5457e84469736d0f71ee1700,277,368,165,369
5457e84469736d0f71ee1700,320,320,188,189
5457e84469736d0f71ee1700,312,312,200,200
5457e84469736d0f71ee1700,336,336,217,217
5457e84469736d0f71ee1700,360,362,247,251
5457e84469736d0f71ee1700,278,292,251,287
5457e84469736d0f71ee1700,282,282,251,251
5457e84469736d0f71ee1700,283,283,251,251
5457e84469736d0f71ee1700,284,284,251,251
5457e84469736d0f71ee1700,277,278,253,255
5457e84469736d0f71ee1700,326,326,254,254
5457e84469736d0f71ee1700,279,279,255,255
5457e84469736d0f71ee1700,279,279,260,260
5457e84469736d0f71ee1700,273,279,272,287
5457e84469736d0f71ee1700,501,501,281,281
5457e84469736d0f71ee1700,292,292,287,287
5457e84469736d0f71ee1700,293,297,289,292
5457e84469736d0f71ee1700,288,288,291,295
5457e84469736d0f71ee1700,300,300,295,296
5457e84469736d0f71ee1700,298,300,297,298
5457e84469736d0f71ee1700,303,305,297,302
5457e84469736d0f71ee1700,522,522,298,298
5457e84469736d0f71ee1700,288,289,304,304
5457e84469736d0f71ee1700,289,289,304,304
5457e84469736d0f71ee1700,291,291,304,304
5457e84469736d0f71ee1700,280,368,304,418
5457e84469736d0f71ee1700,300,300,304,304
5457e84469736d0f71ee1700,301,301,304,304
5457e84469736d0f71ee1700,302,302,304,304
5457e84469736d0f71ee1700,303,303,304,304
5457e84469736d0f71ee1700,473,474,307,307
5457e84469736d0f71ee1700,474,474,307,307
5457e84469736d0f71ee1700,471,471,308,308
5457e84469736d0f71ee1700,461,461,321,321
5457e84469736d0f71ee1700,296,296,323,323
5457e84469736d0f71ee1700,322,322,327,327
5457e84469736d0f71ee1700,488,489,328,329
5457e84469736d0f71ee1700,366,367,333,334
5457e84469736d0f71ee1700,319,319,336,336
5457e84469736d0f71ee1700,512,513,343,345
5457e84469736d0f71ee1700,278,287,349,356
5457e84469736d0f71ee1700,368,368,352,352
5457e84469736d0f71ee1700,286,286,359,359
5457e84469736d0f71ee1700,287,287,359,359
5457e84469736d0f71ee1700,295,295,368,368
5457e84469736d0f71ee1700,463,463,368,368
5457e84469736d0f71ee1700,367,367,375,376
5457e84469736d0f71ee1700,343,343,378,379
5457e84469736d0f71ee1700,490,490,378,378
5457e84469736d0f71ee1700,304,395,399,483
5457e84469736d0f71ee1700,328,328,403,403
5457e84469736d0f71ee1700,325,327,404,405
5457e84469736d0f71ee1700,326,326,404,404
5457e84469736d0f71ee1700,327,327,404,404
5457e84469736d0f71ee1700,320,322,407,410
5457e84469736d0f71ee1700,335,335,409,409
5457e84469736d0f71ee1700,340,343,415,418
5457e84469736d0f71ee1700,309,313,416,422
5457e84469736d0f71ee1700,310,310,416,416
5457e84469736d0f71ee1700,311,311,416,416
5457e84469736d0f71ee1700,312,312,416,416
5457e84469736d0f71ee1700,313,313,416,416
5457e84469736d0f71ee1700,319,320,417,419
5457e84469736d0f71ee1700,327,327,419,419
5457e84469736d0f71ee1700,314,316,420,422
5457e84469736d0f71ee1700,315,315,420,420
5457e84469736d0f71ee1700,316,316,420,420
5457e84469736d0f71ee1700,304,304,421,422
5457e84469736d0f71ee1700,315,328,422,434
5457e84469736d0f71ee1700,310,312,428,433
5457e84469736d0f71ee1700,311,311,428,428
5457e84469736d0f71ee1700,344,344,428,428
5457e84469736d0f71ee1700,306,307,429,431
5457e84469736d0f71ee1700,307,307,429,429
5457e84469736d0f71ee1700,302,305,432,437
5457e84469736d0f71ee1700,462,463,442,443
5457e84469736d0f71ee1700,463,463,442,442
5457e84469736d0f71ee1700,303,303,444,446
5457e84469736d0f71ee1700,306,311,446,447
5457e84469736d0f71ee1700,307,307,446,446
5457e84469736d0f71ee1700,311,311,446,446
5457e84469736d0f71ee1700,313,313,447,447
5457e84469736d0f71ee1700,304,306,454,457
5457e84469736d0f71ee1700,306,306,454,454
5457e84469736d0f71ee1700,305,307,457,460
5457e84469736d0f71ee1700,461,463,457,460
5457e84469736d0f71ee1700,463,463,457,457
5457e84469736d0f71ee1700,349,350,463,463
5457e84469736d0f71ee1700,350,350,463,463
5457e84469736d0f71ee1700,514,514,463,463
5457e84469736d0f71ee1700,304,310,464,474
5457e84469736d0f71ee1700,338,340,464,468
5457e84469736d0f71ee1700,340,340,464,464
5457e84469736d0f71ee1700,235,235,479,479
5457e84469736d0f71ee1700,240,241,480,483
5457f9c169736d0f7117ef00,57,57,3,3
5457f9c169736d0f7117ef00,58,58,4,4
5457f9c169736d0f7117ef00,60,60,5,5
5457f9c169736d0f7117ef00,67,67,11,11
5457f9c169736d0f7117ef00,70,70,14,14
5457f9c169736d0f7117ef00,72,72,15,15
5457f9c169736d0f7117ef00,73,74,16,16
5457f9c169736d0f7117ef00,74,74,16,16
5457f9c169736d0f7117ef00,76,76,18,18
5457f9c169736d0f7117ef00,77,77,19,20
5457f9c169736d0f7117ef00,83,83,25,25
5457f9c169736d0f7117ef00,85,85,27,27
5457f9c169736d0f7117ef00,86,88,28,28
5457f9c169736d0f7117ef00,87,87,28,28
5457f9c169736d0f7117ef00,88,88,28,28
5457f9c169736d0f7117ef00,92,92,32,32
5457f9c169736d0f7117ef00,93,94,34,35
5457f9c169736d0f7117ef00,94,94,34,34
5457f9c169736d0f7117ef00,97,99,36,37
5457f9c169736d0f7117ef00,98,98,36,36
5457f9c169736d0f7117ef00,100,100,38,38
5457f9c169736d0f7117ef00,101,101,39,40
5457f9c169736d0f7117ef00,102,102,41,41
5457f9c169736d0f7117ef00,106,109,43,45
5457f9c169736d0f7117ef00,110,110,46,47
5457f9c169736d0f7117ef00,111,111,48,48
5457f9c169736d0f7117ef00,123,123,60,60
5457f9c169736d0f7117ef00,141,141,79,79
5457f9c169736d0f7117ef00,160,160,98,98
5457f9c169736d0f7117ef00,162,162,99,99
5457f9c169736d0f7117ef00,173,173,112,112
5457f9c169736d0f7117ef00,175,175,114,114
5457f9c169736d0f7117ef00,232,232,190,190
5457f9c169736d0f7117ef00,231,231,191,191
5457f9c169736d0f7117ef00,261,261,234,234
5457f9c169736d0f7117ef00,282,282,247,247
5457f9c169736d0f7117ef00,272,272,248,248
5457f9c169736d0f7117ef00,290,290,256,256
5457f9c169736d0f7117ef00,291,292,257,258
5457f9c169736d0f7117ef00,293,293,259,259
5457f9c169736d0f7117ef00,294,294,261,261
5457f9c169736d0f7117ef00,305,305,281,281
5457f9c169736d0f7117ef00,224,230,282,288
5457f9c169736d0f7117ef00,225,225,282,282
5457f9c169736d0f7117ef00,343,343,327,327
5457f9c169736d0f7117ef00,352,352,343,343
5457f9c169736d0f7117ef00,361,361,357,359
5457f9c169736d0f7117ef00,366,367,365,367
5457f9c169736d0f7117ef00,376,376,375,375
5457f9c169736d0f7117ef00,377,377,383,383
5457f9c169736d0f7117ef00,386,387,388,389
5457f9c169736d0f7117ef00,387,387,388,388
5457f9c169736d0f7117ef00,388,389,390,392
5457f9c169736d0f7117ef00,392,393,396,397
5457fbd469736d0f717d0801,528,531,169,170
5457fbd469736d0f717d0801,529,529,169,169
5457fbd469736d0f717d0801,530,530,169,169
5457fbd469736d0f717d0801,90,90,179,179
5457fbd469736d0f717d0801,98,98,189,189
5457fbd469736d0f717d0801,98,98,217,217
5457fbd469736d0f717d0801,96,96,221,222
5457fbd469736d0f717d0801,102,102,222,222
5457fbd469736d0f717d0801,171,172,223,223
5457fbd469736d0f717d0801,172,172,223,223
5457fbd469736d0f717d0801,111,111,231,231
5457fbd469736d0f717d0801,144,144,240,240
5457fbd469736d0f717d0801,153,153,254,254
5457fbd469736d0f717d0801,163,166,260,262
5457fbd469736d0f717d0801,165,165,260,260
5457fbd469736d0f717d0801,166,166,260,260
5457fbd469736d0f717d0801,158,158,261,261
5457fbd469736d0f717d0801,161,161,262,262
5457fbd469736d0f717d0801,166,166,267,268
5457fbd469736d0f717d0801,165,165,274,274
5457fbd469736d0f717d0801,170,170,278,278
5457fbd469736d0f717d0801,169,169,284,284
5457fbd469736d0f717d0801,162,167,285,301
5457fbd469736d0f717d0801,163,163,285,285
5457fbd469736d0f717d0801,169,170,285,287
5457fbd469736d0f717d0801,169,169,288,288
5457fbd469736d0f717d0801,168,168,290,290
5457fbd469736d0f717d0801,154,158,304,308
5457fbd469736d0f717d0801,156,156,304,304
5457fbd469736d0f717d0801,157,157,304,304
5457fbd469736d0f717d0801,160,160,305,306
5457fbd469736d0f717d0801,168,168,305,306
5457fbd469736d0f717d0801,432,432,305,305
5457fbd469736d0f717d0801,160,163,307,311
5457fbd469736d0f717d0801,159,183,315,359
5457fbd469736d0f717d0801,164,164,315,315
5457fbd469736d0f717d0801,168,168,320,320
5457fbd469736d0f717d0801,169,169,325,325
5457fbd469736d0f717d0801,174,174,332,332
5457fbd469736d0f717d0801,181,181,347,347
5457fbd469736d0f717d0801,185,186,349,349
5457fbd469736d0f717d0801,186,186,349,349
5457fbd469736d0f717d0801,189,189,349,349
5457fbd469736d0f717d0801,191,194,351,351
5457fbd469736d0f717d0801,192,192,351,351
5457fbd469736d0f717d0801,193,193,351,351
5457fbd469736d0f717d0801,194,194,351,351
5457fbd469736d0f717d0801,197,197,354,354
5457fbd469736d0f717d0801,194,195,361,361
5457fbd469736d0f717d0801,195,195,361,361
5457fbd469736d0f717d0801,189,197,362,371
5457fbd469736d0f717d0801,196,196,362,362
5457fbd469736d0f717d0801,182,188,367,372
5457fbd469736d0f717d0801,184,184,367,367
5457fbd469736d0f717d0801,187,187,374,374
5457fbd469736d0f717d0801,247,248,408,408
5457fbd469736d0f717d0801,248,248,408,408
5457fbd469736d0f717d0801,255,255,411,411
5457fbd469736d0f717d0801,248,249,412,414
5457fbd469736d0f717d0801,247,247,415,415
5457fbd469736d0f717d0801,253,254,424,424
5457fbd469736d0f717d0801,254,254,424,424
5457fbd469736d0f717d0801,254,255,427,428
5457fbd469736d0f717d0801,255,255,427,427
5457fbd469736d0f717d0801,250,255,434,443
5457fbd469736d0f717d0801,254,260,440,470
5457fbd469736d0f717d0801,261,261,456,456
5457fbd469736d0f717d0801,264,265,464,464
5457fbd469736d0f717d0801,265,265,464,464
5457fbd469736d0f717d0801,258,264,479,483
5457fbd469736d0f717d0801,259,259,479,479
5457fbd469736d0f717d0801,260,260,479,479
5457fbd469736d0f717d0801,263,263,479,479
5457fbd469736d0f717d0801,270,278,479,483
5457fbd469736d0f717d0801,277,277,479,479
5457fbd469736d0f717d0801,278,278,479,479
5457fbd469736d0f717d0801,256,258,480,483
5457fbd469736d0f717d0801,420,420,480,480
5457fd9369736d0f71a81e01,287,287,0,0
5457fd9369736d0f71a81e01,289,289,0,1
5457fd9369736d0f71a81e01,329,330,63,64
5457fd9369736d0f71a81e01,370,370,483,483
5458013069736d0f717f4901,150,150,2,2
5458013069736d0f717f4901,216,216,3,3
5458013069736d0f717f4901,193,194,5,5
5458013069736d0f717f4901,194,194,5,5
5458013069736d0f717f4901,153,153,6,6
5458013069736d0f717f4901,167,168,9,11
5458013069736d0f717f4901,253,254,10,11
5458013069736d0f717f4901,254,254,10,10
5458013069736d0f717f4901,167,167,13,13
5458013069736d0f717f4901,166,166,15,15
5458013069736d0f717f4901,173,174,16,17
5458013069736d0f717f4901,174,174,16,16
5458013069736d0f717f4901,287,288,16,16
5458013069736d0f717f4901,279,280,21,24
5458013069736d0f717f4901,176,177,33,33
5458013069736d0f717f4901,177,177,33,33
5458013069736d0f717f4901,155,155,34,35
5458013069736d0f717f4901,164,169,48,48
5458013069736d0f717f4901,165,165,48,48
5458013069736d0f717f4901,166,166,48,48
5458013069736d0f717f4901,167,167,48,48
5458013069736d0f717f4901,168,168,48,48
5458013069736d0f717f4901,169,169,48,48
5458013069736d0f717f4901,222,223,55,55
5458013069736d0f717f4901,223,223,55,55
5458013069736d0f717f4901,233,234,55,55
5458013069736d0f717f4901,191,191,60,60
5458013069736d0f717f4901,67,70,137,143
5458013069736d0f717f4901,71,71,141,141
5458013069736d0f717f4901,76,78,141,143
5458013069736d0f717f4901,67,71,146,152
5458013069736d0f717f4901,72,72,146,147
5458013069736d0f717f4901,59,66,153,161
5458013069736d0f717f4901,70,75,155,157
5458013069736d0f717f4901,73,73,155,155
5458013069736d0f717f4901,75,75,155,155
5458013069736d0f717f4901,71,71,160,160
5458013069736d0f717f4901,81,83,160,166
5458013069736d0f717f4901,64,71,162,165
5458013069736d0f717f4901,68,68,162,162
5458013069736d0f717f4901,60,62,163,166
5458013069736d0f717f4901,61,61,163,163
5458013069736d0f717f4901,76,79,163,165
5458013069736d0f717f4901,77,77,163,163
5458013069736d0f717f4901,53,59,166,171
5458013069736d0f717f4901,85,85,166,167
5458013069736d0f717f4901,66,66,168,168
5458013069736d0f717f4901,77,78,168,169
5458013069736d0f717f4901,78,78,168,168
5458013069736d0f717f4901,50,54,171,176
5458013069736d0f717f4901,67,68,172,173
5458013069736d0f717f4901,68,68,172,172
5458013069736d0f717f4901,70,71,172,174
5458013069736d0f717f4901,71,71,172,172
5458013069736d0f717f4901,62,67,173,181
5458013069736d0f717f4901,63,63,173,173
5458013069736d0f717f4901,79,84,174,177
5458013069736d0f717f4901,81,81,174,174
5458013069736d0f717f4901,82,82,174,174
5458013069736d0f717f4901,83,83,174,174
5458013069736d0f717f4901,72,76,175,177
5458013069736d0f717f4901,78,78,176,176
5458013069736d0f717f4901,85,86,177,179
5458013069736d0f717f4901,88,88,177,177
5458013069736d0f717f4901,50,51,178,180
5458013069736d0f717f4901,57,58,178,181
5458013069736d0f717f4901,58,58,178,178
5458013069736d0f717f4901,75,77,179,182
5458013069736d0f717f4901,77,77,179,179
5458013069736d0f717f4901,48,51,182,190
5458013069736d0f717f4901,57,57,182,182
5458013069736d0f717f4901,79,87,182,187
5458013069736d0f717f4901,56,56,183,183
5458013069736d0f717f4901,64,64,183,183
5458013069736d0f717f4901,73,76,183,185
5458013069736d0f717f4901,75,75,183,183
5458013069736d0f717f4901,76,76,183,183
5458013069736d0f717f4901,56,58,184,190
5458013069736d0f717f4901,58,58,184,184
5458013069736d0f717f4901,78,78,184,184
5458013069736d0f717f4901,41,45,185,190
5458013069736d0f717f4901,60,60,187,187
5458013069736d0f717f4901,75,75,187,187
5458013069736d0f717f4901,58,61,188,195
5458013069736d0f717f4901,67,69,188,195
5458013069736d0f717f4901,71,72,188,191
5458013069736d0f717f4901,44,44,191,191
5458013069736d0f717f4901,49,50,192,196
5458013069736d0f717f4901,50,50,192,192
5458013069736d0f717f4901,63,63,193,196
5458013069736d0f717f4901,45,45,194,195
5458013069736d0f717f4901,43,47,196,200
5458013069736d0f717f4901,47,47,196,196
5458013069736d0f717f4901,51,52,196,198
5458013069736d0f717f4901,69,70,199,199
5458013069736d0f717f4901,70,70,199,199
5458013069736d0f717f4901,46,46,201,201
5458013069736d0f717f4901,48,54,201,209
5458013069736d0f717f4901,60,62,202,207
5458013069736d0f717f4901,66,70,202,205
5458013069736d0f717f4901,67,67,202,202
5458013069736d0f717f4901,75,76,202,203
5458013069736d0f717f4901,71,71,207,207
5458013069736d0f717f4901,60,60,209,209
5458013069736d0f717f4901,65,68,210,214
5458013069736d0f717f4901,66,66,210,210
5458013069736d0f717f4901,61,61,211,211
5458013069736d0f717f4901,55,55,212,213
5458013069736d0f717f4901,60,61,212,216
5458013069736d0f717f4901,53,54,214,215
5458013069736d0f717f4901,64,64,214,217
5458013069736d0f717f4901,72,77,215,221
5458013069736d0f717f4901,75,75,215,215
5458013069736d0f717f4901,76,79,217,221
5458013069736d0f717f4901,53,58,218,225
5458013069736d0f717f4901,64,65,220,221
5458013069736d0f717f4901,62,63,222,223
5458013069736d0f717f4901,63,63,222,222
5458013069736d0f717f4901,64,64,224,225
5458013069736d0f717f4901,76,85,224,238
5458013069736d0f717f4901,77,77,224,224
5458013069736d0f717f4901,78,78,224,224
5458013069736d0f717f4901,79,79,224,224
5458013069736d0f717f4901,70,73,225,230
5458013069736d0f717f4901,63,64,227,228
5458013069736d0f717f4901,58,58,229,229
5458013069736d0f717f4901,68,68,229,230
5458013069736d0f717f4901,67,67,231,231
5458013069736d0f717f4901,63,63,232,234
5458013069736d0f717f4901,66,66,232,232
5458013069736d0f717f4901,72,72,233,233
5458013069736d0f717f4901,76,77,233,233
5458013069736d0f717f4901,77,77,233,233
5458013069736d0f717f4901,68,69,234,234
5458013069736d0f717f4901,69,69,234,234
5458013069736d0f717f4901,76,77,235,236
5458013069736d0f717f4901,77,77,235,235
5458013069736d0f717f4901,56,58,236,241
5458013069736d0f717f4901,79,79,237,237
5458013069736d0f717f4901,74,75,238,239
5458013069736d0f717f4901,75,75,238,238
5458013069736d0f717f4901,64,65,239,239
5458013069736d0f717f4901,65,65,239,239
5458013069736d0f717f4901,69,69,239,239
5458013069736d0f717f4901,63,63,240,240
5458013069736d0f717f4901,71,75,243,249
5458013069736d0f717f4901,72,72,243,243
5458013069736d0f717f4901,57,57,244,244
5458013069736d0f717f4901,63,66,244,250
5458013069736d0f717f4901,64,64,244,244
5458013069736d0f717f4901,58,59,247,247
5458013069736d0f717f4901,59,59,247,247
5458013069736d0f717f4901,55,56,248,252
5458013069736d0f717f4901,68,71,249,251
5458013069736d0f717f4901,69,69,249,249
5458013069736d0f717f4901,73,73,249,249
5458013069736d0f717f4901,82,84,249,252
5458013069736d0f717f4901,60,60,250,250
5458013069736d0f717f4901,74,74,250,250
5458013069736d0f717f4901,58,59,251,255
5458013069736d0f717f4901,266,266,251,252
5458013069736d0f717f4901,64,65,252,255
5458013069736d0f717f4901,77,77,253,254
5458013069736d0f717f4901,60,63,256,263
5458013069736d0f717f4901,61,61,256,256
5458013069736d0f717f4901,70,75,258,261
5458013069736d0f717f4901,73,73,258,258
5458013069736d0f717f4901,74,74,258,258
5458013069736d0f717f4901,66,71,262,270
5458013069736d0f717f4901,76,77,262,264
5458013069736d0f717f4901,61,62,269,270
5458013069736d0f717f4901,62,62,269,269
5458013069736d0f717f4901,73,76,269,272
5458013069736d0f717f4901,76,76,269,269
5458013069736d0f717f4901,53,55,272,277
5458013069736d0f717f4901,54,54,272,272
5458013069736d0f717f4901,55,55,272,272
5458013069736d0f717f4901,61,64,272,273
5458013069736d0f717f4901,62,62,272,272
5458013069736d0f717f4901,63,63,272,272
5458013069736d0f717f4901,64,64,272,272
5458013069736d0f717f4901,67,68,272,279
5458013069736d0f717f4901,68,68,272,272
5458013069736d0f717f4901,78,79,274,277
5458013069736d0f717f4901,79,79,274,274
5458013069736d0f717f4901,72,75,277,287
5458013069736d0f717f4901,59,63,278,284
5458013069736d0f717f4901,80,82,279,283
5458013069736d0f717f4901,78,78,281,281
5458013069736d0f717f4901,67,67,282,282
5458013069736d0f717f4901,58,59,283,283
5458013069736d0f717f4901,59,59,283,283
5458013069736d0f717f4901,66,67,284,285
5458013069736d0f717f4901,59,62,285,287
5458013069736d0f717f4901,62,62,285,285
5458013069736d0f717f4901,63,63,286,286
5458013069736d0f717f4901,79,79,286,286
5458013069736d0f717f4901,82,82,286,287
5458013069736d0f717f4901,68,68,287,288
5458013069736d0f717f4901,234,234,287,287
5458013069736d0f717f4901,54,61,289,291
5458013069736d0f717f4901,74,80,290,295
5458013069736d0f717f4901,68,68,291,292
5458013069736d0f717f4901,71,71,291,291
5458013069736d0f717f4901,48,54,293,303
5458013069736d0f717f4901,209,209,293,293
5458013069736d0f717f4901,54,57,294,298
5458013069736d0f717f4901,56,56,294,294
5458013069736d0f717f4901,61,67,294,301
5458013069736d0f717f4901,67,71,296,306
5458013069736d0f717f4901,70,70,296,296
5458013069736d0f717f4901,78,79,298,306
5458013069736d0f717f4901,83,85,300,304
5458013069736d0f717f4901,75,75,303,303
5458013069736d0f717f4901,55,59,304,307
5458013069736d0f717f4901,58,58,304,304
5458013069736d0f717f4901,59,59,304,304
5458013069736d0f717f4901,81,82,304,304
5458013069736d0f717f4901,82,82,304,304
5458013069736d0f717f4901,46,49,305,308
5458013069736d0f717f4901,66,66,305,305
5458013069736d0f717f4901,72,72,305,305
5458013069736d0f717f4901,30,32,307,309
5458013069736d0f717f4901,75,79,307,312
5458013069736d0f717f4901,37,40,309,312
5458013069736d0f717f4901,38,38,309,309
5458013069736d0f717f4901,39,39,309,309
5458013069736d0f717f4901,61,62,309,311
5458013069736d0f717f4901,67,69,309,317
5458013069736d0f717f4901,68,68,309,309
5458013069736d0f717f4901,69,69,309,309
5458013069736d0f717f4901,81,81,309,309
5458013069736d0f717f4901,70,73,310,312
5458013069736d0f717f4901,71,71,310,310
5458013069736d0f717f4901,73,73,310,310
5458013069736d0f717f4901,86,88,310,313
5458013069736d0f717f4901,32,38,311,315
5458013069736d0f717f4901,35,35,311,311
5458013069736d0f717f4901,44,50,311,321
5458013069736d0f717f4901,53,58,311,324
5458013069736d0f717f4901,55,55,311,311
5458013069736d0f717f4901,29,29,312,312
5458013069736d0f717f4901,71,71,313,314
5458013069736d0f717f4901,87,90,314,316
5458013069736d0f717f4901,62,65,315,318
5458013069736d0f717f4901,65,65,315,315
5458013069736d0f717f4901,40,42,316,318
5458013069736d0f717f4901,42,42,316,316
5458013069736d0f717f4901,74,74,316,316
5458013069736d0f717f4901,82,84,316,318
5458013069736d0f717f4901,24,28,317,320
5458013069736d0f717f4901,28,28,317,317
5458013069736d0f717f4901,32,34,317,319
5458013069736d0f717f4901,68,68,319,319
5458013069736d0f717f4901,72,75,319,323
5458013069736d0f717f4901,88,88,319,323
5458013069736d0f717f4901,39,39,320,320
5458013069736d0f717f4901,39,43,320,332
5458013069736d0f717f4901,42,42,320,320
5458013069736d0f717f4901,77,77,320,320
5458013069736d0f717f4901,80,81,320,321
5458013069736d0f717f4901,81,81,320,320
5458013069736d0f717f4901,85,85,320,321
5458013069736d0f717f4901,33,33,321,323
5458013069736d0f717f4901,61,63,321,322
5458013069736d0f717f4901,62,62,321,321
5458013069736d0f717f4901,63,63,321,321
5458013069736d0f717f4901,27,29,322,323
5458013069736d0f717f4901,29,29,322,322
5458013069736d0f717f4901,31,31,322,322
5458013069736d0f717f4901,50,51,322,330
5458013069736d0f717f4901,30,30,323,323
5458013069736d0f717f4901,63,70,323,341
5458013069736d0f717f4901,58,60,324,326
5458013069736d0f717f4901,86,88,324,327
5458013069736d0f717f4901,87,87,324,324
5458013069736d0f717f4901,26,26,325,325
5458013069736d0f717f4901,28,37,325,335
5458013069736d0f717f4901,33,33,325,325
5458013069736d0f717f4901,34,34,325,325
5458013069736d0f717f4901,47,47,327,327
5458013069736d0f717f4901,78,79,327,327
5458013069736d0f717f4901,79,79,327,327
5458013069736d0f717f4901,57,63,328,335
5458013069736d0f717f4901,80,82,328,328
5458013069736d0f717f4901,81,81,328,328
5458013069736d0f717f4901,82,82,328,328
5458013069736d0f717f4901,82,86,328,332
5458013069736d0f717f4901,85,85,328,328
5458013069736d0f717f4901,78,79,329,331
5458013069736d0f717f4901,79,79,329,329
5458013069736d0f717f4901,36,37,330,331
5458013069736d0f717f4901,72,73,331,336
5458013069736d0f717f4901,77,77,332,332
5458013069736d0f717f4901,44,47,333,335
5458013069736d0f717f4901,47,47,333,333
5458013069736d0f717f4901,49,52,333,340
5458013069736d0f717f4901,53,53,333,335
5458013069736d0f717f4901,81,82,335,338
5458013069736d0f717f4901,32,35,337,341
5458013069736d0f717f4901,39,40,337,341
5458013069736d0f717f4901,56,57,337,339
5458013069736d0f717f4901,43,45,338,340
5458013069736d0f717f4901,60,62,338,341
5458013069736d0f717f4901,61,61,338,338
5458013069736d0f717f4901,83,86,340,345
5458013069736d0f717f4901,36,36,342,342
5458013069736d0f717f4901,37,41,342,352
5458013069736d0f717f4901,41,41,342,342
5458013069736d0f717f4901,48,50,342,348
5458013069736d0f717f4901,49,49,342,342
5458013069736d0f717f4901,45,45,343,343
5458013069736d0f717f4901,61,63,344,348
5458013069736d0f717f4901,62,62,344,344
5458013069736d0f717f4901,63,63,344,344
5458013069736d0f717f4901,51,55,345,350
5458013069736d0f717f4901,66,67,346,348
5458013069736d0f717f4901,68,73,346,356
5458013069736d0f717f4901,75,77,348,351
5458013069736d0f717f4901,81,95,348,357
5458013069736d0f717f4901,68,68,349,349
5458013069736d0f717f4901,55,60,351,354
5458013069736d0f717f4901,49,50,352,352
5458013069736d0f717f4901,50,50,352,352
5458013069736d0f717f4901,66,67,352,353
5458013069736d0f717f4901,67,67,352,352
5458013069736d0f717f4901,73,73,353,353
5458013069736d0f717f4901,44,44,354,354
5458013069736d0f717f4901,79,79,355,355
5458013069736d0f717f4901,64,65,356,358
5458013069736d0f717f4901,61,61,358,358
5458013069736d0f717f4901,78,82,358,367
5458013069736d0f717f4901,81,81,358,358
5458013069736d0f717f4901,49,52,359,364
5458013069736d0f717f4901,50,50,359,359
5458013069736d0f717f4901,60,61,359,360
5458013069736d0f717f4901,64,66,359,366
5458013069736d0f717f4901,69,70,359,362
5458013069736d0f717f4901,74,76,359,362
5458013069736d0f717f4901,48,49,360,363
5458013069736d0f717f4901,84,85,360,360
5458013069736d0f717f4901,85,85,360,360
5458013069736d0f717f4901,57,61,361,367
5458013069736d0f717f4901,69,72,364,370
5458013069736d0f717f4901,72,72,364,364
5458013069736d0f717f4901,78,78,364,364
5458013069736d0f717f4901,85,89,364,367
5458013069736d0f717f4901,64,66,368,370
5458013069736d0f717f4901,65,65,368,368
5458013069736d0f717f4901,71,89,368,381
5458013069736d0f717f4901,77,77,368,368
5458013069736d0f717f4901,82,82,377,377
5458013069736d0f717f4901,77,94,379,400
5458013069736d0f717f4901,91,91,379,379
5458013069736d0f717f4901,76,77,381,381
5458013069736d0f717f4901,77,77,381,381
5458013069736d0f717f4901,66,73,382,389
5458013069736d0f717f4901,67,67,382,382
5458013069736d0f717f4901,68,68,382,382
5458013069736d0f717f4901,69,69,382,382
5458013069736d0f717f4901,75,78,388,391
5458013069736d0f717f4901,76,76,388,388
5458013069736d0f717f4901,77,77,388,388
5458013069736d0f717f4901,95,101,389,395
5458013069736d0f717f4901,68,79,393,399
5458013069736d0f717f4901,100,101,397,399
5458013069736d0f717f4901,96,99,399,404
5458013069736d0f717f4901,97,97,399,399
5458013069736d0f717f4901,80,81,400,401
5458013069736d0f717f4901,81,81,400,400
5458013069736d0f717f4901,85,95,400,419
5458013069736d0f717f4901,76,82,402,406
5458013069736d0f717f4901,79,79,402,402
5458013069736d0f717f4901,95,95,404,405
5458013069736d0f717f4901,70,77,405,423
5458013069736d0f717f4901,82,86,407,413
5458013069736d0f717f4901,85,85,407,407
5458013069736d0f717f4901,103,103,408,409
5458013069736d0f717f4901,77,81,410,415
5458013069736d0f717f4901,98,101,410,414
5458013069736d0f717f4901,240,240,413,413
5458013069736d0f717f4901,91,96,416,425
5458013069736d0f717f4901,99,104,416,421
5458013069736d0f717f4901,100,100,416,416
5458013069736d0f717f4901,101,101,416,416
5458013069736d0f717f4901,102,102,416,416
5458013069736d0f717f4901,103,103,416,416
5458013069736d0f717f4901,109,111,419,427
5458013069736d0f717f4901,80,82,421,427
5458013069736d0f717f4901,81,81,421,421
5458013069736d0f717f4901,85,104,423,445
5458013069736d0f717f4901,78,78,424,424
5458013069736d0f717f4901,96,101,425,428
5458013069736d0f717f4901,98,98,425,425
5458013069736d0f717f4901,99,99,425,425
5458013069736d0f717f4901,100,100,425,425
5458013069736d0f717f4901,105,106,425,427
5458013069736d0f717f4901,77,77,427,427
5458013069736d0f717f4901,78,83,430,434
5458013069736d0f717f4901,87,87,430,430
5458013069736d0f717f4901,88,88,431,431
5458013069736d0f717f4901,103,103,431,431
5458013069736d0f717f4901,495,495,431,431
5458013069736d0f717f4901,88,89,433,434
5458013069736d0f717f4901,89,89,433,433
5458013069736d0f717f4901,82,86,436,439
5458013069736d0f717f4901,494,495,436,437
5458013069736d0f717f4901,495,495,436,436
5458013069736d0f717f4901,105,113,438,449
5458013069736d0f717f4901,77,82,440,443
5458013069736d0f717f4901,86,87,440,441
5458013069736d0f717f4901,98,101,441,444
5458013069736d0f717f4901,99,99,441,441
5458013069736d0f717f4901,100,100,441,441
5458013069736d0f717f4901,102,102,441,441
5458013069736d0f717f4901,88,88,447,447
5458013069736d0f717f4901,96,96,447,447
5458013069736d0f717f4901,93,104,447,452
5458013069736d0f717f4901,99,99,447,447
5458013069736d0f717f4901,87,91,449,454
5458013069736d0f717f4901,88,88,449,449
5458013069736d0f717f4901,82,84,453,456
5458013069736d0f717f4901,112,112,453,453
5458013069736d0f717f4901,98,100,454,460
5458013069736d0f717f4901,104,108,455,458
5458013069736d0f717f4901,105,105,455,455
5458013069736d0f717f4901,106,106,455,455
5458013069736d0f717f4901,107,107,455,455
5458013069736d0f717f4901,85,94,456,461
5458013069736d0f717f4901,93,93,456,456
5458013069736d0f717f4901,72,72,458,459
5458013069736d0f717f4901,109,109,459,459
5458013069736d0f717f4901,83,83,460,460
5458013069736d0f717f4901,84,84,460,460
5458013069736d0f717f4901,109,113,460,462
5458013069736d0f717f4901,111,111,460,460
5458013069736d0f717f4901,112,112,460,460
5458013069736d0f717f4901,73,73,461,461
5458013069736d0f717f4901,74,75,462,462
5458013069736d0f717f4901,101,103,462,463
5458013069736d0f717f4901,96,96,463,463
5458013069736d0f717f4901,67,68,464,465
5458013069736d0f717f4901,68,68,464,464
5458013069736d0f717f4901,72,73,464,464
5458013069736d0f717f4901,73,73,464,464
5458013069736d0f717f4901,84,104,464,473
5458013069736d0f717f4901,110,111,464,465
5458013069736d0f717f4901,113,115,464,474
5458013069736d0f717f4901,76,80,465,467
5458013069736d0f717f4901,79,79,465,465
5458013069736d0f717f4901,99,99,471,471
5458013069736d0f717f4901,96,105,472,483
5458013069736d0f717f4901,102,102,472,472
5458013069736d0f717f4901,107,109,472,475
5458013069736d0f717f4901,108,108,472,472
5458013069736d0f717f4901,117,117,474,474
5458013069736d0f717f4901,110,114,476,483
5458013069736d0f717f4901,111,111,476,476
5458013069736d0f717f4901,105,106,477,479
5458013069736d0f717f4901,118,119,480,482
5458013069736d0f717f4901,119,119,480,480
5458087169736d0f71009f01,191,191,475,476
545810eb69736d0f71a60c02,274,295,0,12
545810eb69736d0f71a60c02,275,275,0,0
545810eb69736d0f71a60c02,276,276,0,0
545810eb69736d0f71a60c02,277,277,0,0
545810eb69736d0f71a60c02,278,278,0,0
545810eb69736d0f71a60c02,279,279,0,0
545810eb69736d0f71a60c02,281,281,0,0
545810eb69736d0f71a60c02,282,282,0,0
545810eb69736d0f71a60c02,283,283,0,0
545810eb69736d0f71a60c02,287,287,0,0
545810eb69736d0f71a60c02,288,290,0,4
545810eb69736d0f71a60c02,304,305,0,0
545810eb69736d0f71a60c02,305,305,0,0
545810eb69736d0f71a60c02,327,338,0,6
545810eb69736d0f71a60c02,328,328,0,0
545810eb69736d0f71a60c02,338,338,0,0
545810eb69736d0f71a60c02,350,351,0,0
545810eb69736d0f71a60c02,351,351,0,0
545810eb69736d0f71a60c02,397,399,0,0
545810eb69736d0f71a60c02,398,398,0,0
545810eb69736d0f71a60c02,399,399,0,0
545810eb69736d0f71a60c02,402,404,0,4
545810eb69736d0f71a60c02,404,404,0,0
545810eb69736d0f71a60c02,315,315,1,1
545810eb69736d0f71a60c02,349,349,3,3
545810eb69736d0f71a60c02,351,351,8,8
545810eb69736d0f71a60c02,392,392,8,9
545810eb69736d0f71a60c02,399,399,8,8
545810eb69736d0f71a60c02,402,403,8,9
545810eb69736d0f71a60c02,335,335,10,11
545810eb69736d0f71a60c02,396,399,10,12
545810eb69736d0f71a60c02,398,398,10,10
545810eb69736d0f71a60c02,395,395,12,12
545810eb69736d0f71a60c02,359,361,14,15
545810eb69736d0f71a60c02,339,340,15,15
545810eb69736d0f71a60c02,340,340,15,15
545810eb69736d0f71a60c02,294,297,16,24
545810eb69736d0f71a60c02,295,295,16,16
545810eb69736d0f71a60c02,296,296,16,16
545810eb69736d0f71a60c02,391,394,17,22
545810eb69736d0f71a60c02,395,395,18,18
545810eb69736d0f71a60c02,341,345,19,24
545810eb69736d0f71a60c02,343,343,19,19
545810eb69736d0f71a60c02,344,344,19,19
545810eb69736d0f71a60c02,362,362,20,20
545810eb69736d0f71a60c02,298,303,23,31
545810eb69736d0f71a60c02,351,351,23,23
545810eb69736d0f71a60c02,354,354,23,23
545810eb69736d0f71a60c02,370,371,23,23
545810eb69736d0f71a60c02,371,371,23,23
545810eb69736d0f71a60c02,348,349,24,26
545810eb69736d0f71a60c02,387,388,24,27
545810eb69736d0f71a60c02,304,309,25,31
545810eb69736d0f71a60c02,305,305,25,25
545810eb69736d0f71a60c02,342,342,25,25
545810eb69736d0f71a60c02,345,346,26,27
545810eb69736d0f71a60c02,350,350,27,27
545810eb69736d0f71a60c02,348,348,29,31
545810eb69736d0f71a60c02,346,346,31,31
545810eb69736d0f71a60c02,304,310,32,44
545810eb69736d0f71a60c02,384,385,32,35
545810eb69736d0f71a60c02,385,385,32,32
545810eb69736d0f71a60c02,310,310,33,33
545810eb69736d0f71a60c02,361,361,34,34
545810eb69736d0f71a60c02,362,362,34,34
545810eb69736d0f71a60c02,363,363,34,34
545810eb69736d0f71a60c02,300,303,36,39
545810eb69736d0f71a60c02,302,302,36,36
545810eb69736d0f71a60c02,303,303,36,36
545810eb69736d0f71a60c02,358,358,40,40
545810eb69736d0f71a60c02,312,316,42,45
545810eb69736d0f71a60c02,358,358,43,47
545810eb69736d0f71a60c02,377,378,44,45
545810eb69736d0f71a60c02,378,378,44,44
545810eb69736d0f71a60c02,302,302,45,45
545810eb69736d0f71a60c02,308,311,45,47
545810eb69736d0f71a60c02,303,303,46,47
545810eb69736d0f71a60c02,375,376,46,47
545810eb69736d0f71a60c02,297,314,48,63
545810eb69736d0f71a60c02,299,299,48,48
545810eb69736d0f71a60c02,300,300,48,48
545810eb69736d0f71a60c02,378,378,48,48
545810eb69736d0f71a60c02,384,385,48,49
545810eb69736d0f71a60c02,385,385,48,48
545810eb69736d0f71a60c02,314,315,49,50
545810eb69736d0f71a60c02,315,315,49,49
545810eb69736d0f71a60c02,376,376,50,50
545810eb69736d0f71a60c02,312,313,51,52
545810eb69736d0f71a60c02,313,313,51,51
545810eb69736d0f71a60c02,368,376,51,61
545810eb69736d0f71a60c02,377,377,51,52
545810eb69736d0f71a60c02,376,376,54,54
545810eb69736d0f71a60c02,352,352,58,58
545810eb69736d0f71a60c02,301,301,60,60
545810eb69736d0f71a60c02,315,319,60,63
545810eb69736d0f71a60c02,317,317,60,60
545810eb69736d0f71a60c02,318,318,60,60
545810eb69736d0f71a60c02,321,321,60,60
545810eb69736d0f71a60c02,349,349,61,61
545810eb69736d0f71a60c02,357,380,62,90
545810eb69736d0f71a60c02,377,377,62,62
545810eb69736d0f71a60c02,378,378,62,62
545810eb69736d0f71a60c02,379,379,62,62
545810eb69736d0f71a60c02,268,268,63,63
545810eb69736d0f71a60c02,281,282,63,63
545810eb69736d0f71a60c02,282,282,63,63
545810eb69736d0f71a60c02,319,321,63,67
545810eb69736d0f71a60c02,352,354,63,63
545810eb69736d0f71a60c02,353,353,63,63
545810eb69736d0f71a60c02,354,354,63,63
545810eb69736d0f71a60c02,384,386,63,64
545810eb69736d0f71a60c02,304,351,64,131
545810eb69736d0f71a60c02,315,315,64,64
545810eb69736d0f71a60c02,316,316,64,64
545810eb69736d0f71a60c02,356,356,64,64
545810eb69736d0f71a60c02,380,380,64,64
545810eb69736d0f71a60c02,277,280,66,67
545810eb69736d0f71a60c02,280,280,66,66
545810eb69736d0f71a60c02,284,303,68,95
545810eb69736d0f71a60c02,323,323,68,68
545810eb69736d0f71a60c02,383,383,68,68
545810eb69736d0f71a60c02,284,284,69,69
545810eb69736d0f71a60c02,276,282,70,77
545810eb69736d0f71a60c02,275,276,71,72
545810eb69736d0f71a60c02,276,276,71,71
545810eb69736d0f71a60c02,286,286,71,71
545810eb69736d0f71a60c02,361,367,73,77
545810eb69736d0f71a60c02,367,367,73,73
545810eb69736d0f71a60c02,324,324,75,76
545810eb69736d0f71a60c02,358,358,75,75
545810eb69736d0f71a60c02,379,380,75,76
545810eb69736d0f71a60c02,329,331,76,78
545810eb69736d0f71a60c02,327,327,77,77
545810eb69736d0f71a60c02,353,360,77,81
545810eb69736d0f71a60c02,381,381,79,79
545810eb69736d0f71a60c02,277,278,80,82
545810eb69736d0f71a60c02,278,278,80,80
545810eb69736d0f71a60c02,331,331,80,80
545810eb69736d0f71a60c02,349,351,80,81
545810eb69736d0f71a60c02,350,350,80,80
545810eb69736d0f71a60c02,351,351,80,80
545810eb69736d0f71a60c02,361,363,80,81
545810eb69736d0f71a60c02,363,363,80,80
545810eb69736d0f71a60c02,365,367,80,83
545810eb69736d0f71a60c02,367,367,80,80
545810eb69736d0f71a60c02,379,379,81,81
545810eb69736d0f71a60c02,356,356,84,84
545810eb69736d0f71a60c02,359,366,85,95
545810eb69736d0f71a60c02,363,363,85,85
545810eb69736d0f71a60c02,364,364,85,85
545810eb69736d0f71a60c02,365,365,85,85
545810eb69736d0f71a60c02,279,279,86,86
545810eb69736d0f71a60c02,274,275,90,90
545810eb69736d0f71a60c02,275,275,90,90
545810eb69736d0f71a60c02,249,251,91,93
545810eb69736d0f71a60c02,250,250,91,91
545810eb69736d0f71a60c02,369,371,91,95
545810eb69736d0f71a60c02,256,257,92,92
545810eb69736d0f71a60c02,257,257,92,92
545810eb69736d0f71a60c02,272,272,95,95
545810eb69736d0f71a60c02,372,372,95,95
545810eb69736d0f71a60c02,256,265,96,97
545810eb69736d0f71a60c02,257,257,96,96
545810eb69736d0f71a60c02,258,258,96,96
545810eb69736d0f71a60c02,259,259,96,96
545810eb69736d0f71a60c02,261,261,96,96
545810eb69736d0f71a60c02,262,262,96,96
545810eb69736d0f71a60c02,263,263,96,96
545810eb69736d0f71a60c02,265,265,96,96
545810eb69736d0f71a60c02,373,373,96,96
545810eb69736d0f71a60c02,368,375,97,103
545810eb69736d0f71a60c02,374,374,97,97
545810eb69736d0f71a60c02,393,393,97,97
545810eb69736d0f71a60c02,389,392,98,100
545810eb69736d0f71a60c02,392,392,98,98
545810eb69736d0f71a60c02,382,383,102,104
545810eb69736d0f71a60c02,378,380,103,105
545810eb69736d0f71a60c02,379,379,103,103
545810eb69736d0f71a60c02,380,380,103,103
545810eb69736d0f71a60c02,361,372,104,115
545810eb69736d0f71a60c02,369,369,104,104
545810eb69736d0f71a60c02,374,374,109,109
545810eb69736d0f71a60c02,377,377,110,110
545810eb69736d0f71a60c02,374,376,111,115
545810eb69736d0f71a60c02,314,319,114,117
545810eb69736d0f71a60c02,315,315,114,114
545810eb69736d0f71a60c02,316,316,114,114
545810eb69736d0f71a60c02,317,317,114,114
545810eb69736d0f71a60c02,376,376,117,118
545810eb69736d0f71a60c02,353,362,118,122
545810eb69736d0f71a60c02,360,360,118,118
545810eb69736d0f71a60c02,361,361,118,118
545810eb69736d0f71a60c02,362,362,118,118
545810eb69736d0f71a60c02,377,378,119,120
545810eb69736d0f71a60c02,318,319,123,124
545810eb69736d0f71a60c02,319,319,123,123
545810eb69736d0f71a60c02,367,367,123,125
545810eb69736d0f71a60c02,366,367,127,127
545810eb69736d0f71a60c02,367,367,127,127
545810eb69736d0f71a60c02,384,384,127,127
545810eb69736d0f71a60c02,368,368,128,128
545810eb69736d0f71a60c02,373,377,128,129
545810eb69736d0f71a60c02,374,374,128,128
545810eb69736d0f71a60c02,375,375,128,128
545810eb69736d0f71a60c02,376,376,128,128
545810eb69736d0f71a60c02,377,377,128,128
545810eb69736d0f71a60c02,366,368,130,132
545810eb69736d0f71a60c02,377,377,130,130
545810eb69736d0f71a60c02,349,357,133,139
545810eb69736d0f71a60c02,353,353,133,133
545810eb69736d0f71a60c02,376,377,134,134
545810eb69736d0f71a60c02,377,377,134,134
545810eb69736d0f71a60c02,336,336,136,137
545810eb69736d0f71a60c02,347,348,136,136
545810eb69736d0f71a60c02,348,348,136,136
545810eb69736d0f71a60c02,362,364,136,137
545810eb69736d0f71a60c02,363,363,136,136
545810eb69736d0f71a60c02,364,364,136,136
545810eb69736d0f71a60c02,366,366,139,141
545810eb69736d0f71a60c02,352,353,142,143
545810eb69736d0f71a60c02,353,353,142,142
545810eb69736d0f71a60c02,325,325,143,143
545810eb69736d0f71a60c02,363,363,143,143
545810eb69736d0f71a60c02,354,354,151,151
545810eb69736d0f71a60c02,0,1,271,272
545810eb69736d0f71a60c02,2,2,273,273
545810eb69736d0f71a60c02,0,2,275,279
545810eb69736d0f71a60c02,4,4,275,275
545810eb69736d0f71a60c02,5,6,276,278
545810eb69736d0f71a60c02,8,8,280,280
545810eb69736d0f71a60c02,0,0,281,281
545810eb69736d0f71a60c02,10,10,282,282
545810eb69736d0f71a60c02,0,3,286,291
545810eb69736d0f71a60c02,13,13,286,286
545810eb69736d0f71a60c02,0,5,296,303
545810eb69736d0f71a60c02,21,21,298,298
545810eb69736d0f71a60c02,20,20,299,299
545810eb69736d0f71a60c02,21,21,300,300
545810eb69736d0f71a60c02,0,4,305,310
545810eb69736d0f71a60c02,2,2,305,305
545810eb69736d0f71a60c02,3,3,305,305
545810eb69736d0f71a60c02,5,61,306,335
545810eb69736d0f71a60c02,0,0,313,313
545810eb69736d0f71a60c02,0,0,317,317
545810eb69736d0f71a60c02,53,56,321,324
545810eb69736d0f71a60c02,54,54,321,321
545810eb69736d0f71a60c02,67,101,352,383
545810eb69736d0f71a60c02,2,2,364,364
545810eb69736d0f71a60c02,198,198,402,402
545810eb69736d0f71a60c02,192,204,403,408
545810eb69736d0f71a60c02,200,200,403,403
545810eb69736d0f71a60c02,164,191,406,414
545810eb69736d0f71a60c02,209,213,407,410
545810eb69736d0f71a60c02,210,210,407,407
545810eb69736d0f71a60c02,123,125,410,411
545810eb69736d0f71a60c02,214,219,410,414
545810eb69736d0f71a60c02,126,128,412,416
545810eb69736d0f71a60c02,115,115,415,415
545810eb69736d0f71a60c02,130,131,415,416
545810eb69736d0f71a60c02,131,131,415,415
545810eb69736d0f71a60c02,136,154,415,428
545810eb69736d0f71a60c02,152,152,415,415
545810eb69736d0f71a60c02,219,223,416,422
545810eb69736d0f71a60c02,221,221,416,416
545810eb69736d0f71a60c02,222,222,416,416
545810eb69736d0f71a60c02,176,242,418,449
545810eb69736d0f71a60c02,197,197,424,424
545810eb69736d0f71a60c02,230,230,425,425
545810eb69736d0f71a60c02,225,276,442,473
545810eb69736d0f71a60c02,202,202,443,443
545810eb69736d0f71a60c02,203,203,443,443
545810eb69736d0f71a60c02,204,204,443,443
545810eb69736d0f71a60c02,206,207,445,446
545810eb69736d0f71a60c02,48,48,453,453
545810eb69736d0f71a60c02,49,49,453,453
545810eb69736d0f71a60c02,253,254,454,455
545810eb69736d0f71a60c02,281,289,477,483
5458209169736d0f717fd202,15,15,35,35
5458209169736d0f717fd202,8,8,128,129
5458209169736d0f717fd202,214,214,130,130
5458209169736d0f717fd202,14,14,132,132
5458209169736d0f717fd202,20,20,133,133
5458209169736d0f717fd202,9,10,134,134
5458209169736d0f717fd202,10,10,134,134
5458209169736d0f717fd202,16,16,134,134
5458209169736d0f717fd202,19,19,136,136
5458209169736d0f717fd202,16,18,139,140
5458209169736d0f717fd202,18,18,139,139
5458209169736d0f717fd202,208,208,140,140
5458209169736d0f717fd202,9,12,141,142
5458209169736d0f717fd202,10,10,141,141
5458209169736d0f717fd202,11,11,141,141
5458209169736d0f717fd202,12,12,141,141
5458209169736d0f717fd202,14,14,143,143
5458209169736d0f717fd202,16,16,143,143
5458209169736d0f717fd202,206,206,143,143
5458209169736d0f717fd202,10,10,148,148
5458209169736d0f717fd202,15,15,148,148
5458209169736d0f717fd202,7,8,150,150
5458209169736d0f717fd202,8,8,150,150
5458209169736d0f717fd202,322,323,190,191
5458209169736d0f717fd202,323,323,190,190
5458209169736d0f717fd202,312,312,191,191
5458209169736d0f717fd202,321,321,194,194
5458209169736d0f717fd202,326,327,194,194
5458209169736d0f717fd202,327,327,194,194
5458209169736d0f717fd202,335,335,194,194
5458209169736d0f717fd202,332,332,196,196
5458209169736d0f717fd202,310,310,201,201
5458209169736d0f717fd202,319,319,201,201
5458209169736d0f717fd202,328,328,202,202
5458209169736d0f717fd202,325,325,203,204
5458209169736d0f717fd202,308,308,205,205
5458209169736d0f717fd202,289,290,207,208
5458209169736d0f717fd202,335,335,207,207
5458209169736d0f717fd202,299,299,208,208
5458209169736d0f717fd202,301,302,209,210
5458209169736d0f717fd202,302,302,209,209
5458209169736d0f717fd202,316,316,209,210
5458209169736d0f717fd202,295,299,210,214
5458209169736d0f717fd202,320,321,211,214
5458209169736d0f717fd202,328,328,211,211
5458209169736d0f717fd202,288,290,212,213
5458209169736d0f717fd202,289,289,212,212
5458209169736d0f717fd202,314,316,215,217
5458209169736d0f717fd202,325,327,215,217
5458209169736d0f717fd202,326,326,215,215
5458209169736d0f717fd202,288,290,216,219
5458209169736d0f717fd202,289,289,216,216
5458209169736d0f717fd202,294,296,216,220
5458209169736d0f717fd202,295,295,216,216
5458209169736d0f717fd202,344,347,216,219
5458209169736d0f717fd202,352,352,217,217
5458209169736d0f717fd202,280,285,219,224
5458209169736d0f717fd202,350,350,219,219
5458209169736d0f717fd202,356,356,219,220
5458209169736d0f717fd202,355,360,219,227
5458209169736d0f717fd202,317,317,220,222
5458209169736d0f717fd202,298,299,221,222
5458209169736d0f717fd202,345,347,222,224
5458209169736d0f717fd202,347,347,222,222
5458209169736d0f717fd202,352,355,222,223
5458209169736d0f717fd202,353,353,222,222
5458209169736d0f717fd202,354,354,222,222
5458209169736d0f717fd202,289,290,223,223
5458209169736d0f717fd202,290,290,223,223
5458209169736d0f717fd202,300,300,223,223
5458209169736d0f717fd202,319,319,223,223
5458209169736d0f717fd202,324,324,223,223
5458209169736d0f717fd202,286,287,224,225
5458209169736d0f717fd202,287,287,224,224
5458209169736d0f717fd202,290,293,224,226
5458209169736d0f717fd202,292,292,224,224
5458209169736d0f717fd202,293,293,224,224
5458209169736d0f717fd202,317,317,224,224
5458209169736d0f717fd202,325,327,224,226
5458209169736d0f717fd202,365,365,224,224
5458209169736d0f717fd202,338,340,225,229
5458209169736d0f717fd202,343,344,225,226
5458209169736d0f717fd202,297,298,226,227
5458209169736d0f717fd202,311,311,226,226
5458209169736d0f717fd202,332,334,226,231
5458209169736d0f717fd202,274,275,228,228
5458209169736d0f717fd202,275,275,228,228
5458209169736d0f717fd202,300,300,228,229
5458209169736d0f717fd202,328,329,228,229
5458209169736d0f717fd202,329,329,228,228
5458209169736d0f717fd202,347,348,228,234
5458209169736d0f717fd202,279,280,229,230
5458209169736d0f717fd202,280,280,229,229
5458209169736d0f717fd202,310,311,229,230
5458209169736d0f717fd202,311,311,229,229
5458209169736d0f717fd202,324,325,229,231
5458209169736d0f717fd202,353,355,229,231
5458209169736d0f717fd202,355,355,229,229
5458209169736d0f717fd202,358,358,229,229
5458209169736d0f717fd202,391,391,229,229
5458209169736d0f717fd202,357,357,230,230
5458209169736d0f717fd202,282,282,231,231
5458209169736d0f717fd202,343,343,231,231
5458209169736d0f717fd202,360,360,231,231
5458209169736d0f717fd202,281,281,232,232
5458209169736d0f717fd202,326,328,232,233
5458209169736d0f717fd202,327,327,232,232
5458209169736d0f717fd202,356,356,232,232
5458209169736d0f717fd202,274,274,233,233
5458209169736d0f717fd202,276,276,233,234
5458209169736d0f717fd202,286,286,233,233
5458209169736d0f717fd202,336,339,233,236
5458209169736d0f717fd202,351,351,233,237
5458209169736d0f717fd202,270,272,234,234
5458209169736d0f717fd202,271,271,234,234
5458209169736d0f717fd202,272,272,234,234
5458209169736d0f717fd202,354,356,235,239
5458209169736d0f717fd202,356,356,235,235
5458209169736d0f717fd202,359,360,235,238
5458209169736d0f717fd202,360,360,235,235
5458209169736d0f717fd202,400,400,236,236
5458209169736d0f717fd202,288,288,237,237
5458209169736d0f717fd202,275,275,239,239
5458209169736d0f717fd202,382,382,239,239
5458209169736d0f717fd202,287,287,240,240
5458209169736d0f717fd202,368,369,240,241
5458209169736d0f717fd202,369,369,240,240
5458209169736d0f717fd202,272,272,241,241
5458209169736d0f717fd202,286,286,242,242
5458209169736d0f717fd202,275,275,243,244
5458209169736d0f717fd202,281,282,243,244
5458209169736d0f717fd202,279,279,244,244
5458209169736d0f717fd202,395,395,244,245
5458209169736d0f717fd202,272,272,245,245
5458209169736d0f717fd202,286,286,245,246
5458209169736d0f717fd202,140,140,335,335
5458209169736d0f717fd202,136,136,337,337
5458209169736d0f717fd202,137,137,341,341
5458209169736d0f717fd202,134,134,346,346
5458209169736d0f717fd202,128,128,347,348
5458209169736d0f717fd202,137,137,348,348
5458209169736d0f717fd202,131,131,349,349
5458209169736d0f717fd202,405,405,385,386
5458209169736d0f717fd202,412,412,385,385
5458209169736d0f717fd202,371,371,387,387
5458209169736d0f717fd202,406,406,395,395
5458209169736d0f717fd202,372,372,397,397
5458209169736d0f717fd202,383,383,397,397
5458209169736d0f717fd202,408,408,400,401
5458209169736d0f717fd202,159,159,420,420
5458209169736d0f717fd202,162,162,424,424
5458209169736d0f717fd202,151,151,425,425
5458209169736d0f717fd202,158,158,425,425
5458209169736d0f717fd202,160,160,427,427
5458209169736d0f717fd202,163,163,429,429
5458209169736d0f717fd202,156,156,430,430
5458209169736d0f717fd202,154,154,431,431
5458209169736d0f717fd202,159,159,431,431
5458209169736d0f717fd202,168,169,431,431
5458209169736d0f717fd202,169,169,431,431
5458209169736d0f717fd202,160,160,432,432
5458209169736d0f717fd202,157,157,433,433
5458209169736d0f717fd202,188,189,433,434
5458209169736d0f717fd202,189,189,433,433
5458209169736d0f717fd202,194,194,433,434
5458209169736d0f717fd202,147,148,435,435
5458209169736d0f717fd202,148,148,435,435
5458209169736d0f717fd202,153,154,435,435
5458209169736d0f717fd202,154,154,435,435
5458209169736d0f717fd202,160,160,435,435
5458209169736d0f717fd202,184,184,435,435
5458209169736d0f717fd202,193,193,435,435
5458209169736d0f717fd202,149,150,437,438
5458209169736d0f717fd202,150,150,437,437
5458209169736d0f717fd202,160,160,437,437
5458209169736d0f717fd202,187,187,437,438
5458209169736d0f717fd202,152,152,438,438
5458209169736d0f717fd202,157,157,439,439
5458209169736d0f717fd202,145,145,440,440
5458209169736d0f717fd202,158,159,440,440
5458209169736d0f717fd202,159,159,440,440
5458209169736d0f717fd202,178,178,440,440
5458209169736d0f717fd202,162,162,441,441
5458209169736d0f717fd202,186,186,441,441
5458209169736d0f717fd202,196,196,441,441
5458209169736d0f717fd202,191,191,442,443
5458209169736d0f717fd202,193,194,442,442
5458209169736d0f717fd202,194,194,442,442
5458209169736d0f717fd202,180,180,443,445
5458209169736d0f717fd202,185,185,443,443
5458209169736d0f717fd202,188,188,444,444
5458209169736d0f717fd202,191,191,445,445
5458209169736d0f717fd202,187,188,446,447
5458209169736d0f717fd202,196,196,447,447
5458209169736d0f717fd202,184,184,448,448
5458209169736d0f717fd202,210,210,469,469
5458209169736d0f717fd202,215,215,470,470
5458209169736d0f717fd202,160,160,473,473
5458209169736d0f717fd202,163,163,474,474
5458209169736d0f717fd202,160,160,476,476
5458209169736d0f717fd202,429,429,478,478
5458209169736d0f717fd202,169,169,479,479
5458209169736d0f717fd202,171,171,479,479
5458209169736d0f717fd202,432,432,479,479
5458209169736d0f717fd202,166,166,480,481
5458209169736d0f717fd202,319,319,480,480
5458209169736d0f717fd202,323,323,480,480
5458209169736d0f717fd202,328,328,480,480
5458209169736d0f717fd202,337,338,480,480
5458209169736d0f717fd202,338,338,480,480
5458209169736d0f717fd202,429,429,480,480
5458209169736d0f717fd202,320,320,483,483
5458220a69736d0f71fce502,206,207,6,6
5458220a69736d0f71fce502,207,207,6,6
5458220a69736d0f71fce502,352,352,40,40
5458220a69736d0f71fce502,356,356,40,40
5458220a69736d0f71fce502,383,383,40,40
5458220a69736d0f71fce502,387,387,40,40
5458220a69736d0f71fce502,64,64,241,241
5458220a69736d0f71fce502,69,74,245,248
5458220a69736d0f71fce502,71,71,245,245
5458220a69736d0f71fce502,66,67,248,248
5458220a69736d0f71fce502,67,67,248,248
5458220a69736d0f71fce502,75,76,249,249
5458220a69736d0f71fce502,76,76,249,249
5458220a69736d0f71fce502,67,69,250,251
5458220a69736d0f71fce502,68,68,250,250
5458220a69736d0f71fce502,78,80,250,252
5458220a69736d0f71fce502,83,83,250,250
5458220a69736d0f71fce502,75,77,252,253
5458220a69736d0f71fce502,76,76,252,252
5458220a69736d0f71fce502,77,77,252,252
5458220a69736d0f71fce502,80,87,252,261
5458220a69736d0f71fce502,86,86,252,252
5458220a69736d0f71fce502,78,78,254,254
5458220a69736d0f71fce502,77,79,256,257
5458220a69736d0f71fce502,78,78,256,256
5458220a69736d0f71fce502,79,79,256,256
5458220a69736d0f71fce502,89,90,260,263
5458220a69736d0f71fce502,91,96,260,266
5458220a69736d0f71fce502,95,95,260,260
5458220a69736d0f71fce502,104,104,268,268
5458220a69736d0f71fce502,148,148,277,277
5458220a69736d0f71fce502,153,153,280,280
5458220a69736d0f71fce502,154,154,281,281
5458220a69736d0f71fce502,163,163,287,287
5458220a69736d0f71fce502,170,170,291,291
5458220a69736d0f71fce502,178,178,299,299
5458220a69736d0f71fce502,178,187,309,321
5458220a69736d0f71fce502,195,195,310,310
5458220a69736d0f71fce502,196,196,311,311
5458220a69736d0f71fce502,202,202,314,314
5458220a69736d0f71fce502,204,204,315,315
5458220a69736d0f71fce502,206,206,316,316
5458220a69736d0f71fce502,208,208,317,317
5458220a69736d0f71fce502,215,215,323,323
5458220a69736d0f71fce502,216,216,324,324
5458220a69736d0f71fce502,218,218,325,325
5458220a69736d0f71fce502,187,213,328,338
5458220a69736d0f71fce502,188,188,328,328
5458220a69736d0f71fce502,191,191,328,328
5458220a69736d0f71fce502,223,223,328,328
5458220a69736d0f71fce502,181,181,330,330
5458220a69736d0f71fce502,243,243,335,335
5458220a69736d0f71fce502,225,242,337,348
5458220a69736d0f71fce502,226,226,337,337
5458220a69736d0f71fce502,227,227,337,337
5458220a69736d0f71fce502,228,228,337,337
5458220a69736d0f71fce502,331,331,341,341
5458220a69736d0f71fce502,343,343,343,343
5458220a69736d0f71fce502,349,349,344,344
5458220a69736d0f71fce502,350,351,345,345
5458220a69736d0f71fce502,351,351,345,345
5458220a69736d0f71fce502,254,271,346,357
5458220a69736d0f71fce502,261,261,346,346
5458220a69736d0f71fce502,262,262,346,346
5458220a69736d0f71fce502,277,279,347,347
5458220a69736d0f71fce502,278,278,347,347
5458220a69736d0f71fce502,279,279,347,347
5458220a69736d0f71fce502,357,357,347,347
5458220a69736d0f71fce502,360,360,348,348
5458220a69736d0f71fce502,312,312,349,349
5458220a69736d0f71fce502,361,361,349,349
5458220a69736d0f71fce502,363,363,350,350
5458220a69736d0f71fce502,307,307,351,351
5458220a69736d0f71fce502,365,365,351,351
5458220a69736d0f71fce502,272,280,352,356
5458220a69736d0f71fce502,273,273,352,352
5458220a69736d0f71fce502,274,274,352,352
5458220a69736d0f71fce502,275,275,352,352
5458220a69736d0f71fce502,276,276,352,352
5458220a69736d0f71fce502,277,277,352,352
5458220a69736d0f71fce502,278,278,352,352
5458220a69736d0f71fce502,279,279,352,352
5458220a69736d0f71fce502,280,280,352,352
5458220a69736d0f71fce502,307,315,352,358
5458220a69736d0f71fce502,310,310,352,352
5458220a69736d0f71fce502,312,312,352,352
5458220a69736d0f71fce502,314,314,352,352
5458220a69736d0f71fce502,369,369,353,353
5458220a69736d0f71fce502,303,303,354,354
5458220a69736d0f71fce502,294,299,355,359
5458220a69736d0f71fce502,302,304,355,358
5458220a69736d0f71fce502,304,304,355,355
5458220a69736d0f71fce502,264,268,357,359
5458220a69736d0f71fce502,266,266,357,357
5458220a69736d0f71fce502,267,267,357,357
5458220a69736d0f71fce502,377,378,358,358
5458220a69736d0f71fce502,378,378,358,358
5458220a69736d0f71fce502,379,379,359,359
5458220a69736d0f71fce502,346,348,364,366
5458220a69736d0f71fce502,347,347,364,364
5458220a69736d0f71fce502,427,427,365,365
5458220a69736d0f71fce502,439,439,367,367
5458220a69736d0f71fce502,390,395,371,375
5458220a69736d0f71fce502,449,449,371,371
5458220a69736d0f71fce502,373,373,372,372
5458220a69736d0f71fce502,451,451,372,372
5458220a69736d0f71fce502,400,401,374,376
5458220a69736d0f71fce502,401,401,374,374
5458220a69736d0f71fce502,478,478,379,379
5458220a69736d0f71fce502,493,493,380,380
5458220a69736d0f71fce502,495,495,381,381
5458220a69736d0f71fce502,460,463,382,383
5458220a69736d0f71fce502,461,461,382,382
5458220a69736d0f71fce502,462,462,382,382
5458220a69736d0f71fce502,463,463,382,382
5458220a69736d0f71fce502,511,511,383,383
5458220a69736d0f71fce502,515,515,383,383
5458220a69736d0f71fce502,466,466,384,384
5458220a69736d0f71fce502,516,516,384,384
5458220a69736d0f71fce502,483,504,386,395
5458220a69736d0f71fce502,488,488,386,386
5458220a69736d0f71fce502,489,489,386,386
5458220a69736d0f71fce502,509,514,392,396
5458220a69736d0f71fce502,510,510,392,392
5458220a69736d0f71fce502,512,512,392,392
5458220a69736d0f71fce502,513,513,392,392
5458259269736d0f71c81103,130,167,0,40
5458259269736d0f71c81103,157,157,0,0
5458259269736d0f71c81103,158,158,0,0
5458259269736d0f71c81103,159,159,0,0
5458259269736d0f71c81103,160,160,0,0
5458259269736d0f71c81103,161,161,0,0
5458259269736d0f71c81103,162,162,0,0
5458259269736d0f71c81103,163,163,0,0
5458259269736d0f71c81103,164,164,0,0
5458259269736d0f71c81103,165,165,0,0
5458259269736d0f71c81103,166,166,0,0
5458259269736d0f71c81103,167,167,0,0
5458259269736d0f71c81103,386,386,0,0
5458259269736d0f71c81103,393,393,0,0
5458259269736d0f71c81103,399,399,0,0
5458259269736d0f71c81103,391,391,1,1
5458259269736d0f71c81103,368,381,3,5
5458259269736d0f71c81103,369,369,3,3
5458259269736d0f71c81103,370,370,3,3
5458259269736d0f71c81103,371,371,3,3
5458259269736d0f71c81103,372,372,3,3
5458259269736d0f71c81103,373,373,3,3
5458259269736d0f71c81103,374,374,3,3
5458259269736d0f71c81103,375,375,3,3
5458259269736d0f71c81103,376,376,3,3
5458259269736d0f71c81103,377,377,3,3
5458259269736d0f71c81103,378,378,3,3
5458259269736d0f71c81103,379,379,3,3
5458259269736d0f71c81103,380,380,3,3
5458259269736d0f71c81103,381,381,3,3
5458259269736d0f71c81103,382,383,4,4
5458259269736d0f71c81103,383,383,4,4
5458259269736d0f71c81103,370,371,5,5
5458259269736d0f71c81103,371,371,5,5
5458259269736d0f71c81103,384,386,7,8
5458259269736d0f71c81103,386,386,7,7
5458259269736d0f71c81103,391,392,8,8
5458259269736d0f71c81103,392,392,8,8
5458259269736d0f71c81103,395,395,8,8
5458259269736d0f71c81103,400,401,9,9
5458259269736d0f71c81103,401,401,9,9
5458259269736d0f71c81103,402,402,10,14
5458259269736d0f71c81103,365,375,16,28
5458259269736d0f71c81103,401,401,18,18
5458259269736d0f71c81103,422,422,18,18
5458259269736d0f71c81103,399,400,19,19
5458259269736d0f71c81103,400,400,19,19
5458259269736d0f71c81103,421,421,19,19
5458259269736d0f71c81103,409,412,20,23
5458259269736d0f71c81103,420,420,20,20
5458259269736d0f71c81103,376,376,21,21
5458259269736d0f71c81103,382,383,21,21
5458259269736d0f71c81103,383,383,21,21
5458259269736d0f71c81103,419,419,21,22
5458259269736d0f71c81103,360,361,22,22
5458259269736d0f71c81103,361,361,22,22
5458259269736d0f71c81103,376,381,22,27
5458259269736d0f71c81103,378,378,22,22
5458259269736d0f71c81103,413,413,22,22
5458259269736d0f71c81103,359,360,23,24
5458259269736d0f71c81103,362,363,23,23
5458259269736d0f71c81103,363,363,23,23
5458259269736d0f71c81103,364,365,24,26
5458259269736d0f71c81103,400,405,25,26
5458259269736d0f71c81103,405,405,25,25
5458259269736d0f71c81103,360,362,26,26
5458259269736d0f71c81103,361,361,26,26
5458259269736d0f71c81103,362,362,26,26
5458259269736d0f71c81103,385,386,26,27
5458259269736d0f71c81103,386,386,26,26
5458259269736d0f71c81103,379,380,27,27
5458259269736d0f71c81103,380,380,27,27
5458259269736d0f71c81103,378,378,28,28
5458259269736d0f71c81103,405,405,29,29
5458259269736d0f71c81103,406,406,30,31
5458259269736d0f71c81103,405,406,32,33
5458259269736d0f71c81103,149,154,42,48
5458259269736d0f71c81103,152,157,43,53
5458259269736d0f71c81103,100,150,48,131
5458259269736d0f71c81103,147,148,73,75
5458259269736d0f71c81103,148,148,73,73
5458259269736d0f71c81103,146,146,74,74
5458259269736d0f71c81103,145,145,75,75
5458259269736d0f71c81103,146,146,88,88
5458259269736d0f71c81103,143,146,91,95
5458259269736d0f71c81103,137,137,104,105
5458259269736d0f71c81103,136,136,108,109
5458259269736d0f71c81103,136,136,111,111
5458259269736d0f71c81103,132,134,113,113
5458259269736d0f71c81103,133,133,113,113
5458259269736d0f71c81103,134,134,113,113
5458259269736d0f71c81103,133,133,134,134
5458259269736d0f71c81103,128,128,138,139
5458259269736d0f71c81103,126,126,143,143
5458259269736d0f71c81103,124,125,150,152
5458259269736d0f71c81103,126,126,159,159
5458259269736d0f71c81103,125,125,163,164
5458259269736d0f71c81103,124,124,169,170
5458259269736d0f71c81103,123,141,199,214
5458259269736d0f71c81103,144,161,218,227
5458259269736d0f71c81103,162,165,227,232
5458259269736d0f71c81103,96,96,270,270
5458259269736d0f71c81103,265,282,279,289
5458259269736d0f71c81103,268,268,279,279
5458259269736d0f71c81103,269,269,279,279
5458259269736d0f71c81103,270,270,279,279
5458259269736d0f71c81103,260,260,282,282
5458259269736d0f71c81103,94,94,283,283
5458259269736d0f71c81103,254,259,283,285
5458259269736d0f71c81103,255,255,283,283
5458259269736d0f71c81103,256,256,283,283
5458259269736d0f71c81103,257,257,283,283
5458259269736d0f71c81103,93,93,284,284
5458259269736d0f71c81103,283,284,285,285
5458259269736d0f71c81103,284,284,285,285
5458259269736d0f71c81103,243,245,287,287
5458259269736d0f71c81103,289,289,287,287
5458259269736d0f71c81103,291,292,288,289
5458259269736d0f71c81103,292,292,288,288
5458259269736d0f71c81103,293,293,289,289
5458259269736d0f71c81103,296,298,291,293
5458259269736d0f71c81103,297,297,291,291
5458259269736d0f71c81103,300,300,294,294
5458259269736d0f71c81103,301,304,295,298
5458259269736d0f71c81103,305,305,299,299
5458259269736d0f71c81103,308,308,302,302
5458259269736d0f71c81103,307,323,312,325
5458259269736d0f71c81103,320,335,327,339
5458259269736d0f71c81103,344,345,337,338
5458259269736d0f71c81103,345,345,337,337
5458259269736d0f71c81103,356,356,348,348
5458259269736d0f71c81103,362,375,359,378
5458259269736d0f71c81103,71,71,387,387
5458259269736d0f71c81103,423,447,440,459
5458259269736d0f71c81103,436,437,445,445
5458259269736d0f71c81103,437,437,445,445
5458259269736d0f71c81103,448,461,455,461
5458259269736d0f71c81103,456,456,455,455
5458259269736d0f71c81103,474,474,463,463
5458259269736d0f71c81103,464,483,464,472
5458259269736d0f71c81103,480,492,472,479
5458259269736d0f71c81103,48,48,474,474
54582ea869736d0f71048b03,67,72,70,77
54582ea869736d0f71048b03,28,32,74,77
54582ea869736d0f71048b03,30,30,74,74
54582ea869736d0f71048b03,59,64,74,80
54582ea869736d0f71048b03,64,64,74,74
54582ea869736d0f71048b03,69,70,80,82
54582ea869736d0f71048b03,70,70,80,80
54582ea869736d0f71048b03,4,34,94,122
54582ea869736d0f71048b03,12,84,95,165
54582ea869736d0f71048b03,40,40,95,95
54582ea869736d0f71048b03,41,41,95,95
54582ea869736d0f71048b03,42,42,95,95
54582ea869736d0f71048b03,43,43,95,95
54582ea869736d0f71048b03,44,44,95,95
54582ea869736d0f71048b03,45,45,95,95
54582ea869736d0f71048b03,46,46,95,95
54582ea869736d0f71048b03,52,52,95,95
54582ea869736d0f71048b03,53,53,95,95
54582ea869736d0f71048b03,57,57,95,95
54582ea869736d0f71048b03,58,58,95,95
54582ea869736d0f71048b03,59,59,95,95
54582ea869736d0f71048b03,60,60,95,95
54582ea869736d0f71048b03,61,61,95,95
54582ea869736d0f71048b03,62,62,95,95
54582ea869736d0f71048b03,63,63,95,95
54582ea869736d0f71048b03,64,64,95,95
54582ea869736d0f71048b03,15,15,100,100
54582ea869736d0f71048b03,13,14,101,102
54582ea869736d0f71048b03,78,78,103,103
54582ea869736d0f71048b03,7,7,111,111
54582ea869736d0f71048b03,79,79,111,111
54582ea869736d0f71048b03,85,86,125,127
54582ea869736d0f71048b03,86,86,125,125
54582ea869736d0f71048b03,82,95,125,154
54582ea869736d0f71048b03,92,92,125,125
54582ea869736d0f71048b03,108,110,125,126
54582ea869736d0f71048b03,109,109,125,125
54582ea869736d0f71048b03,110,110,125,125
54582ea869736d0f71048b03,100,100,126,126
54582ea869736d0f71048b03,107,107,126,126
54582ea869736d0f71048b03,100,108,128,132
54582ea869736d0f71048b03,104,104,128,128
54582ea869736d0f71048b03,105,105,128,128
54582ea869736d0f71048b03,106,106,128,128
54582ea869736d0f71048b03,107,107,128,128
54582ea869736d0f71048b03,108,108,128,128
54582ea869736d0f71048b03,112,112,129,130
54582ea869736d0f71048b03,110,111,131,132
54582ea869736d0f71048b03,111,111,131,131
54582ea869736d0f71048b03,101,103,137,139
54582ea869736d0f71048b03,102,102,137,137
54582ea869736d0f71048b03,104,104,137,137
54582ea869736d0f71048b03,100,100,138,138
54582ea869736d0f71048b03,101,101,140,140
54582ea869736d0f71048b03,0,1,141,143
54582ea869736d0f71048b03,0,2,145,155
54582ea869736d0f71048b03,16,16,145,145
54582ea869736d0f71048b03,102,106,148,150
54582ea869736d0f71048b03,103,103,148,148
54582ea869736d0f71048b03,104,104,148,148
54582ea869736d0f71048b03,105,105,148,148
54582ea869736d0f71048b03,106,106,148,148
54582ea869736d0f71048b03,80,80,149,150
54582ea869736d0f71048b03,83,84,149,149
54582ea869736d0f71048b03,84,84,149,149
54582ea869736d0f71048b03,87,106,153,160
54582ea869736d0f71048b03,99,99,153,153
54582ea869736d0f71048b03,100,100,153,153
54582ea869736d0f71048b03,71,73,157,160
54582ea869736d0f71048b03,72,72,157,157
54582ea869736d0f71048b03,31,41,160,166
54582ea869736d0f71048b03,32,32,160,160
54582ea869736d0f71048b03,103,103,160,160
54582ea869736d0f71048b03,24,30,162,171
54582ea869736d0f71048b03,0,3,169,173
54582ea869736d0f71048b03,32,33,170,172
54582ea869736d0f71048b03,6,6,173,173
54582ea869736d0f71048b03,33,34,173,173
54582ea869736d0f71048b03,34,34,173,173
54582ea869736d0f71048b03,0,102,174,313
54582ea869736d0f71048b03,37,40,175,176
54582ea869736d0f71048b03,38,38,175,175
54582ea869736d0f71048b03,39,39,175,175
54582ea869736d0f71048b03,40,40,175,175
54582ea869736d0f71048b03,0,1,176,177
54582ea869736d0f71048b03,1,1,176,176
54582ea869736d0f71048b03,0,0,179,179
54582ea869736d0f71048b03,0,2,189,195
54582ea869736d0f71048b03,72,72,193,193
54582ea869736d0f71048b03,74,74,194,195
54582ea869736d0f71048b03,76,78,196,197
54582ea869736d0f71048b03,77,77,196,196
54582ea869736d0f71048b03,0,2,197,207
54582ea869736d0f71048b03,2,2,197,197
54582ea869736d0f71048b03,126,129,205,206
54582ea869736d0f71048b03,99,100,208,209
54582ea869736d0f71048b03,100,100,208,208
54582ea869736d0f71048b03,0,7,210,242
54582ea869736d0f71048b03,1,1,210,210
54582ea869736d0f71048b03,45,53,213,223
54582ea869736d0f71048b03,106,106,221,223
54582ea869736d0f71048b03,52,52,223,223
54582ea869736d0f71048b03,58,72,230,242
54582ea869736d0f71048b03,113,113,247,247
54582ea869736d0f71048b03,3,7,248,258
54582ea869736d0f71048b03,4,4,248,248
54582ea869736d0f71048b03,5,5,248,248
54582ea869736d0f71048b03,114,114,248,248
54582ea869736d0f71048b03,82,87,250,258
54582ea869736d0f71048b03,83,83,250,250
54582ea869736d0f71048b03,117,117,265,266
54582ea869736d0f71048b03,120,121,270,271
54582ea869736d0f71048b03,123,123,271,271
54582ea869736d0f71048b03,103,110,273,281
54582ea869736d0f71048b03,107,145,279,327
54582ea869736d0f71048b03,112,112,279,279
54582ea869736d0f71048b03,113,113,279,279
54582ea869736d0f71048b03,128,128,279,279
54582ea869736d0f71048b03,172,174,284,285
54582ea869736d0f71048b03,174,174,284,284
54582ea869736d0f71048b03,168,171,286,287
54582ea869736d0f71048b03,169,169,286,286
54582ea869736d0f71048b03,170,170,286,286
54582ea869736d0f71048b03,171,171,286,286
54582ea869736d0f71048b03,135,137,288,289
54582ea869736d0f71048b03,136,136,288,288
54582ea869736d0f71048b03,137,137,288,288
54582ea869736d0f71048b03,173,173,288,288
54582ea869736d0f71048b03,168,168,289,290
54582ea869736d0f71048b03,172,172,289,289
54582ea869736d0f71048b03,160,163,291,294
54582ea869736d0f71048b03,144,144,297,297
54582ea869736d0f71048b03,185,188,298,302
54582ea869736d0f71048b03,186,186,298,298
54582ea869736d0f71048b03,187,187,298,298
54582ea869736d0f71048b03,210,212,298,300
54582ea869736d0f71048b03,211,211,298,298
54582ea869736d0f71048b03,176,183,299,307
54582ea869736d0f71048b03,167,167,300,301
54582ea869736d0f71048b03,160,171,300,316
54582ea869736d0f71048b03,171,171,300,300
54582ea869736d0f71048b03,149,151,302,304
54582ea869736d0f71048b03,169,172,304,306
54582ea869736d0f71048b03,171,171,304,304
54582ea869736d0f71048b03,172,172,304,304
54582ea869736d0f71048b03,192,192,304,306
54582ea869736d0f71048b03,193,209,307,324
54582ea869736d0f71048b03,211,211,307,309
54582ea869736d0f71048b03,176,178,312,315
54582ea869736d0f71048b03,141,141,313,313
54582ea869736d0f71048b03,219,220,314,315
54582ea869736d0f71048b03,220,220,314,314
54582ea869736d0f71048b03,179,180,316,317
54582ea869736d0f71048b03,181,182,317,319
54582ea869736d0f71048b03,177,179,318,319
54582ea869736d0f71048b03,178,178,318,318
54582ea869736d0f71048b03,179,179,318,318
54582ea869736d0f71048b03,148,148,322,324
54582ea869736d0f71048b03,177,177,323,323
54582ea869736d0f71048b03,204,214,323,333
54582ea869736d0f71048b03,211,211,323,323
54582ea869736d0f71048b03,171,176,324,326
54582ea869736d0f71048b03,175,175,324,324
54582ea869736d0f71048b03,176,176,324,324
54582ea869736d0f71048b03,166,166,326,326
54582ea869736d0f71048b03,168,168,326,326
54582ea869736d0f71048b03,167,167,327,327
54582ea869736d0f71048b03,187,197,327,335
54582ea869736d0f71048b03,168,173,328,331
54582ea869736d0f71048b03,169,169,328,328
54582ea869736d0f71048b03,170,170,328,328
54582ea869736d0f71048b03,215,223,328,335
54582ea869736d0f71048b03,217,217,328,328
54582ea869736d0f71048b03,154,154,331,331
54582ea869736d0f71048b03,352,352,335,335
54582ea869736d0f71048b03,178,178,336,339
54582ea869736d0f71048b03,351,351,336,336
54582ea869736d0f71048b03,220,226,337,343
54582ea869736d0f71048b03,224,224,337,337
54582ea869736d0f71048b03,225,225,337,337
54582ea869736d0f71048b03,181,181,343,343
54582ea869736d0f71048b03,182,182,345,345
54582ea869736d0f71048b03,210,225,345,380
54582ea869736d0f71048b03,226,226,345,345
54582ea869736d0f71048b03,165,173,346,359
54582ea869736d0f71048b03,183,183,346,346
54582ea869736d0f71048b03,184,184,347,347
54582ea869736d0f71048b03,185,185,348,349
54582ea869736d0f71048b03,187,189,352,354
54582ea869736d0f71048b03,188,188,352,352
54582ea869736d0f71048b03,189,189,352,352
54582ea869736d0f71048b03,197,206,352,363
54582ea869736d0f71048b03,198,198,352,352
54582ea869736d0f71048b03,199,199,352,352
54582ea869736d0f71048b03,193,193,356,356
54582ea869736d0f71048b03,192,192,357,357
54582ea869736d0f71048b03,194,194,357,358
54582ea869736d0f71048b03,195,200,359,366
54582ea869736d0f71048b03,196,196,359,359
54582ea869736d0f71048b03,197,197,359,359
54582ea869736d0f71048b03,207,207,363,364
54582ea869736d0f71048b03,208,208,365,365
54582ea869736d0f71048b03,185,187,373,377
54582ea869736d0f71048b03,185,202,378,394
54582ea869736d0f71048b03,223,225,380,383
54582ea869736d0f71048b03,221,225,384,388
54582ea869736d0f71048b03,222,222,384,384
54582ea869736d0f71048b03,223,223,384,384
54582ea869736d0f71048b03,212,224,410,423
54582ea869736d0f71048b03,229,231,423,425
54582ea869736d0f71048b03,226,289,427,483
54582ea869736d0f71048b03,15,15,472,472
54582efb69736d0f71628f03,356,356,16,17
54582efb69736d0f71628f03,358,358,23,24
54582efb69736d0f71628f03,359,359,26,27
54582efb69736d0f71628f03,361,361,35,35
54582efb69736d0f71628f03,362,362,37,38
54582efb69736d0f71628f03,354,354,46,46
54582efb69736d0f71628f03,394,394,143,144
54582efb69736d0f71628f03,394,394,149,149
54582efb69736d0f71628f03,394,394,151,151
54582efb69736d0f71628f03,395,395,161,161
54582efb69736d0f71628f03,395,395,164,165
54582efb69736d0f71628f03,395,395,167,172
54582efb69736d0f71628f03,396,396,175,175
54582efb69736d0f71628f03,395,395,179,191
54582efb69736d0f71628f03,392,392,209,211
54582efb69736d0f71628f03,391,391,216,217
54582efb69736d0f71628f03,390,390,220,222
54582efb69736d0f71628f03,389,389,224,229
54582efb69736d0f71628f03,388,388,231,234
54582efb69736d0f71628f03,387,387,236,236
54582efb69736d0f71628f03,386,386,241,242
54582efb69736d0f71628f03,384,384,252,252
54582efb69736d0f71628f03,383,383,256,256
54582efb69736d0f71628f03,382,382,257,258
54582efb69736d0f71628f03,381,381,261,262
54582efb69736d0f71628f03,378,380,264,269
54582efb69736d0f71628f03,301,301,269,269
54582efb69736d0f71628f03,362,371,269,271
54582efb69736d0f71628f03,363,363,269,269
54582efb69736d0f71628f03,364,364,269,269
54582efb69736d0f71628f03,365,365,269,269
54582efb69736d0f71628f03,366,366,269,269
54582efb69736d0f71628f03,367,367,269,269
54582efb69736d0f71628f03,368,368,269,269
54582efb69736d0f71628f03,369,369,269,269
54582efb69736d0f71628f03,370,370,269,269
54582efb69736d0f71628f03,371,371,269,269
54582efb69736d0f71628f03,350,352,270,272
54582efb69736d0f71628f03,351,351,270,270
54582efb69736d0f71628f03,352,352,270,270
54582efb69736d0f71628f03,355,365,270,273
54582efb69736d0f71628f03,377,377,270,270
54582efb69736d0f71628f03,354,354,274,274
54582efb69736d0f71628f03,348,351,275,277
54582efb69736d0f71628f03,338,339,277,278
54582efb69736d0f71628f03,339,339,277,277
54582efb69736d0f71628f03,341,342,279,280
54582efb69736d0f71628f03,342,342,279,279
54582efb69736d0f71628f03,333,335,280,283
54582efb69736d0f71628f03,334,334,280,280
54582efb69736d0f71628f03,349,351,280,280
54582efb69736d0f71628f03,350,350,280,280
54582efb69736d0f71628f03,351,351,280,280
54582efb69736d0f71628f03,340,340,281,281
54582efb69736d0f71628f03,339,339,282,283
54582efb69736d0f71628f03,329,332,286,287
54582efb69736d0f71628f03,331,331,286,286
54582efb69736d0f71628f03,332,332,286,286
54582efb69736d0f71628f03,328,328,288,288
54582efb69736d0f71628f03,334,334,292,292
54582efb69736d0f71628f03,329,331,293,296
54582efb69736d0f71628f03,311,322,295,309
54582efb69736d0f71628f03,321,321,295,295
54582efb69736d0f71628f03,322,322,295,295
54582efb69736d0f71628f03,327,327,295,295
54582efb69736d0f71628f03,328,328,297,298
54582efb69736d0f71628f03,327,327,299,299
54582efb69736d0f71628f03,321,323,301,303
54582efb69736d0f71628f03,322,322,301,301
54582efb69736d0f71628f03,323,323,301,301
54582efb69736d0f71628f03,322,325,305,305
54582efb69736d0f71628f03,323,323,305,305
54582efb69736d0f71628f03,324,324,305,305
54582efb69736d0f71628f03,325,325,305,305
54582efb69736d0f71628f03,320,320,311,311
54582efb69736d0f71628f03,310,320,315,322
54582efb69736d0f71628f03,322,322,315,315
54582efb69736d0f71628f03,323,326,316,319
54582efb69736d0f71628f03,324,324,316,316
54582efb69736d0f71628f03,325,325,316,316
54582efb69736d0f71628f03,322,322,323,323
54582efb69736d0f71628f03,303,303,330,331
54582efb69736d0f71628f03,307,312,331,336
54582efb69736d0f71628f03,308,308,331,331
54582efb69736d0f71628f03,309,309,331,331
54582efb69736d0f71628f03,310,310,331,331
54582efb69736d0f71628f03,317,318,331,331
54582efb69736d0f71628f03,318,318,331,331
54582efb69736d0f71628f03,322,322,331,333
54582efb69736d0f71628f03,290,298,332,337
54582efb69736d0f71628f03,294,294,332,332
54582efb69736d0f71628f03,295,295,332,332
54582efb69736d0f71628f03,296,296,332,332
54582efb69736d0f71628f03,316,316,333,333
54582efb69736d0f71628f03,314,317,334,336
54582efb69736d0f71628f03,315,315,334,334
54582efb69736d0f71628f03,320,321,334,334
54582efb69736d0f71628f03,321,321,334,334
54582efb69736d0f71628f03,318,319,335,335
54582efb69736d0f71628f03,319,319,335,335
54582efb69736d0f71628f03,336,338,336,337
54582efb69736d0f71628f03,337,337,336,336
54582efb69736d0f71628f03,338,338,336,336
54582efb69736d0f71628f03,268,287,337,350
54582efb69736d0f71628f03,282,282,337,337
54582efb69736d0f71628f03,287,287,337,337
54582efb69736d0f71628f03,300,306,337,339
54582efb69736d0f71628f03,303,303,337,337
54582efb69736d0f71628f03,327,328,337,338
54582efb69736d0f71628f03,328,328,337,337
54582efb69736d0f71628f03,321,321,339,339
54582efb69736d0f71628f03,290,290,340,340
54582efb69736d0f71628f03,328,328,340,340
54582efb69736d0f71628f03,332,332,340,340
54582efb69736d0f71628f03,293,302,341,343
54582efb69736d0f71628f03,295,295,341,341
54582efb69736d0f71628f03,296,296,341,341
54582efb69736d0f71628f03,297,297,341,341
54582efb69736d0f71628f03,300,300,341,341
54582efb69736d0f71628f03,301,301,341,341
54582efb69736d0f71628f03,302,302,341,341
54582efb69736d0f71628f03,288,288,343,343
54582efb69736d0f71628f03,292,292,343,343
54582efb69736d0f71628f03,291,291,344,344
54582efb69736d0f71628f03,298,298,344,344
54582efb69736d0f71628f03,289,290,345,347
54582efb69736d0f71628f03,290,290,345,345
54582efb69736d0f71628f03,296,296,345,345
54582efb69736d0f71628f03,294,294,346,346
54582efb69736d0f71628f03,267,268,347,349
54582efb69736d0f71628f03,268,268,347,347
54582efb69736d0f71628f03,287,288,348,348
54582efb69736d0f71628f03,288,288,348,348
54582efb69736d0f71628f03,286,286,349,350
54582efb69736d0f71628f03,289,289,349,349
54582efb69736d0f71628f03,288,288,350,350
54582efb69736d0f71628f03,263,263,351,351
54582efb69736d0f71628f03,269,270,351,353
54582efb69736d0f71628f03,270,270,351,351
54582efb69736d0f71628f03,272,276,352,357
54582efb69736d0f71628f03,274,274,352,352
54582efb69736d0f71628f03,275,275,352,352
54582efb69736d0f71628f03,276,276,352,352
54582efb69736d0f71628f03,259,260,353,353
54582efb69736d0f71628f03,260,260,353,353
54582efb69736d0f71628f03,281,281,353,353
54582efb69736d0f71628f03,273,278,354,362
54582efb69736d0f71628f03,262,271,355,367
54582efb69736d0f71628f03,267,267,355,355
54582efb69736d0f71628f03,268,268,355,355
54582efb69736d0f71628f03,261,261,356,356
54582efb69736d0f71628f03,271,271,357,357
54582efb69736d0f71628f03,280,280,357,357
54582efb69736d0f71628f03,278,278,359,359
54582efb69736d0f71628f03,260,262,360,362
54582efb69736d0f71628f03,261,261,360,360
54582efb69736d0f71628f03,262,262,360,360
54582efb69736d0f71628f03,250,254,366,369
54582efb69736d0f71628f03,254,254,366,366
54582efb69736d0f71628f03,258,258,366,367
54582efb69736d0f71628f03,253,265,366,386
54582efb69736d0f71628f03,265,265,366,366
54582efb69736d0f71628f03,245,249,372,375
54582efb69736d0f71628f03,248,248,372,372
54582efb69736d0f71628f03,248,249,383,383
54582efb69736d0f71628f03,249,249,383,383
54582efb69736d0f71628f03,235,256,385,424
54582efb69736d0f71628f03,249,249,385,385
54582efb69736d0f71628f03,250,250,385,385
54582efb69736d0f71628f03,251,251,385,385
54582efb69736d0f71628f03,256,256,387,387
54582efb69736d0f71628f03,243,243,392,392
54582efb69736d0f71628f03,249,250,403,404
54582efb69736d0f71628f03,248,248,405,405
54582efb69736d0f71628f03,245,246,425,425
54582efb69736d0f71628f03,246,246,425,425
54582efb69736d0f71628f03,251,251,426,426
54582efb69736d0f71628f03,254,255,428,429
54582efb69736d0f71628f03,250,250,429,429
54582efb69736d0f71628f03,262,263,430,431
54582efb69736d0f71628f03,260,260,445,445
54582efb69736d0f71628f03,252,256,446,457
54582efb69736d0f71628f03,253,253,446,446
54582efb69736d0f71628f03,254,254,446,446
54582efb69736d0f71628f03,255,255,446,446
54582efb69736d0f71628f03,256,256,446,446
54582efb69736d0f71628f03,257,257,447,447
54582efb69736d0f71628f03,264,265,458,460
54582efb69736d0f71628f03,265,265,458,458
54582efb69736d0f71628f03,262,264,464,468
54582efb69736d0f71628f03,264,264,464,464
54582efb69736d0f71628f03,263,264,469,469
54582efb69736d0f71628f03,264,264,469,469
54582efb69736d0f71628f03,274,276,480,483
54582efb69736d0f71628f03,273,273,482,482
545830a569736d0f71aea503,336,336,291,291
545830a569736d0f71aea503,337,337,291,291
545830a569736d0f71aea503,404,405,336,338
545830a569736d0f71aea503,408,410,344,345
545830a569736d0f71aea503,409,409,344,344
545830a569736d0f71aea503,409,409,348,348
545830a569736d0f71aea503,408,411,353,361
545830a569736d0f71aea503,401,428,361,381
545830a569736d0f71aea503,316,338,373,396
545830a569736d0f71aea503,399,399,375,378
545830a569736d0f71aea503,394,394,382,383
545830a569736d0f71aea503,405,406,382,383
545830a569736d0f71aea503,398,419,383,391
545837dd69736d0f71880804,140,168,247,264
545837dd69736d0f71880804,160,160,247,247
545837dd69736d0f71880804,161,161,247,247
545837dd69736d0f71880804,162,162,247,247
545837dd69736d0f71880804,153,153,248,248
545837dd69736d0f71880804,87,88,254,255
545837dd69736d0f71880804,112,123,255,259
545837dd69736d0f71880804,122,122,255,255
545837dd69736d0f71880804,169,170,256,256
545837dd69736d0f71880804,170,170,256,256
545837dd69736d0f71880804,91,95,257,261
545837dd69736d0f71880804,93,93,257,257
545837dd69736d0f71880804,171,175,257,259
545837dd69736d0f71880804,172,172,257,257
545837dd69736d0f71880804,173,173,257,257
545837dd69736d0f71880804,174,174,257,257
545837dd69736d0f71880804,189,189,257,257
545837dd69736d0f71880804,86,86,258,258
545837dd69736d0f71880804,121,122,259,259
545837dd69736d0f71880804,122,122,259,259
545837dd69736d0f71880804,189,194,259,263
545837dd69736d0f71880804,64,65,261,261
545837dd69736d0f71880804,65,65,261,261
545837dd69736d0f71880804,119,119,262,262
545837dd69736d0f71880804,199,204,263,268
545837dd69736d0f71880804,64,69,264,267
545837dd69736d0f71880804,65,65,264,264
545837dd69736d0f71880804,66,66,264,264
545837dd69736d0f71880804,67,67,264,264
545837dd69736d0f71880804,140,140,264,264
545837dd69736d0f71880804,182,182,264,264
545837dd69736d0f71880804,143,143,266,266
545837dd69736d0f71880804,179,183,269,276
545837dd69736d0f71880804,181,181,269,269
545837dd69736d0f71880804,182,182,269,269
545837dd69736d0f71880804,205,205,269,269
545837dd69736d0f71880804,40,40,270,271
545837dd69736d0f71880804,148,150,271,271
545837dd69736d0f71880804,149,149,271,271
545837dd69736d0f71880804,150,150,271,271
545837dd69736d0f71880804,177,178,273,274
545837dd69736d0f71880804,133,133,274,274
545837dd69736d0f71880804,144,144,277,277
545837dd69736d0f71880804,132,132,278,278
545837dd69736d0f71880804,131,136,278,283
545837dd69736d0f71880804,136,136,279,279
545837dd69736d0f71880804,180,182,279,281
545837dd69736d0f71880804,137,137,281,281
545837dd69736d0f71880804,40,40,286,286
545837dd69736d0f71880804,191,191,288,288
545837dd69736d0f71880804,282,300,288,306
545837dd69736d0f71880804,284,284,288,288
545837dd69736d0f71880804,287,287,288,288
545837dd69736d0f71880804,97,97,294,294
545837dd69736d0f71880804,195,195,294,294
545837dd69736d0f71880804,197,197,294,294
545837dd69736d0f71880804,198,198,295,295
545837dd69736d0f71880804,95,110,296,316
545837dd69736d0f71880804,200,201,296,297
545837dd69736d0f71880804,196,198,299,301
545837dd69736d0f71880804,304,306,302,302
545837dd69736d0f71880804,305,305,302,302
545837dd69736d0f71880804,306,306,302,302
545837dd69736d0f71880804,315,333,303,319
545837dd69736d0f71880804,318,318,303,303
545837dd69736d0f71880804,302,310,304,309
545837dd69736d0f71880804,303,303,304,304
545837dd69736d0f71880804,304,304,304,304
545837dd69736d0f71880804,305,305,304,304
545837dd69736d0f71880804,306,306,304,304
545837dd69736d0f71880804,307,307,304,304
545837dd69736d0f71880804,308,308,304,304
545837dd69736d0f71880804,309,309,304,304
545837dd69736d0f71880804,310,310,304,304
545837dd69736d0f71880804,104,105,309,311
545837dd69736d0f71880804,107,107,309,309
545837dd69736d0f71880804,303,303,309,309
545837dd69736d0f71880804,66,69,311,314
545837dd69736d0f71880804,67,67,311,311
545837dd69736d0f71880804,68,68,311,311
545837dd69736d0f71880804,95,95,311,311
545837dd69736d0f71880804,301,307,311,315
545837dd69736d0f71880804,306,306,311,311
545837dd69736d0f71880804,334,334,312,312
545837dd69736d0f71880804,335,343,312,313
545837dd69736d0f71880804,358,372,313,332
545837dd69736d0f71880804,359,359,313,313
545837dd69736d0f71880804,360,360,313,313
545837dd69736d0f71880804,361,361,313,313
545837dd69736d0f71880804,362,362,313,313
545837dd69736d0f71880804,352,357,314,319
545837dd69736d0f71880804,353,353,314,314
545837dd69736d0f71880804,354,354,314,314
545837dd69736d0f71880804,355,355,314,314
545837dd69736d0f71880804,356,356,314,314
545837dd69736d0f71880804,357,357,314,314
545837dd69736d0f71880804,72,76,316,322
545837dd69736d0f71880804,319,319,316,316
545837dd69736d0f71880804,0,5,317,323
545837dd69736d0f71880804,1,1,317,317
545837dd69736d0f71880804,2,2,317,317
545837dd69736d0f71880804,371,372,318,319
545837dd69736d0f71880804,372,372,318,318
545837dd69736d0f71880804,375,394,318,335
545837dd69736d0f71880804,315,315,319,319
545837dd69736d0f71880804,77,77,320,321
545837dd69736d0f71880804,373,373,320,320
545837dd69736d0f71880804,317,317,321,321
545837dd69736d0f71880804,23,28,322,327
545837dd69736d0f71880804,24,24,322,322
545837dd69736d0f71880804,7,9,325,326
545837dd69736d0f71880804,8,8,325,325
545837dd69736d0f71880804,9,9,325,325
545837dd69736d0f71880804,77,79,332,333
545837dd69736d0f71880804,21,23,333,335
545837dd69736d0f71880804,22,22,333,333
545837dd69736d0f71880804,23,23,333,333
545837dd69736d0f71880804,4,5,334,334
545837dd69736d0f71880804,5,5,334,334
545837dd69736d0f71880804,394,396,335,337
545837dd69736d0f71880804,8,8,336,336
545837dd69736d0f71880804,27,32,336,341
545837dd69736d0f71880804,28,28,336,336
545837dd69736d0f71880804,33,36,337,338
545837dd69736d0f71880804,35,35,337,337
545837dd69736d0f71880804,38,51,338,349
545837dd69736d0f71880804,39,39,338,338
545837dd69736d0f71880804,40,40,338,338
545837dd69736d0f71880804,408,412,341,346
545837dd69736d0f71880804,409,409,341,341
545837dd69736d0f71880804,410,410,341,341
545837dd69736d0f71880804,14,14,342,342
545837dd69736d0f71880804,34,37,343,344
545837dd69736d0f71880804,35,35,343,343
545837dd69736d0f71880804,36,36,343,343
545837dd69736d0f71880804,405,406,347,351
545837dd69736d0f71880804,406,406,347,347
545837dd69736d0f71880804,414,414,347,347
545837dd69736d0f71880804,415,415,348,351
545837dd69736d0f71880804,32,33,350,350
545837dd69736d0f71880804,33,33,350,350
545837dd69736d0f71880804,34,36,351,351
545837dd69736d0f71880804,35,35,351,351
545837dd69736d0f71880804,36,36,351,351
545837dd69736d0f71880804,40,41,353,353
545837dd69736d0f71880804,41,41,353,353
545837dd69736d0f71880804,42,42,354,354
545837dd69736d0f71880804,348,355,357,364
545837dd69736d0f71880804,350,350,357,357
545837dd69736d0f71880804,352,352,357,357
545837dd69736d0f71880804,45,45,358,359
545837dd69736d0f71880804,47,47,361,361
545837dd69736d0f71880804,53,53,365,365
545837dd69736d0f71880804,349,349,365,366
545837dd69736d0f71880804,0,0,366,366
545837dd69736d0f71880804,1,3,366,369
545837dd69736d0f71880804,54,55,366,366
545837dd69736d0f71880804,55,55,366,366
545837dd69736d0f71880804,348,352,366,371
545837dd69736d0f71880804,57,57,367,367
545837dd69736d0f71880804,58,58,369,369
545837dd69736d0f71880804,2,2,370,372
545837dd69736d0f71880804,3,5,373,373
545837dd69736d0f71880804,4,4,373,373
545837dd69736d0f71880804,5,5,373,373
545837dd69736d0f71880804,9,9,375,376
545837dd69736d0f71880804,339,339,377,377
545837dd69736d0f71880804,8,8,378,378
545837dd69736d0f71880804,338,338,378,378
545837dd69736d0f71880804,8,9,380,383
545837dd69736d0f71880804,0,0,384,388
545837dd69736d0f71880804,11,12,384,388
545837dd69736d0f71880804,12,12,384,384
545837dd69736d0f71880804,10,10,389,389
545837dd69736d0f71880804,11,13,391,391
545837dd69736d0f71880804,12,12,391,391
545837dd69736d0f71880804,13,13,391,391
545837dd69736d0f71880804,12,12,394,394
545837dd69736d0f71880804,11,12,395,399
545837dd69736d0f71880804,375,375,400,400
545837dd69736d0f71880804,12,12,401,401
545837dd69736d0f71880804,10,11,402,402
545837dd69736d0f71880804,11,11,402,402
545837dd69736d0f71880804,9,9,403,403
545837dd69736d0f71880804,9,9,405,405
545837dd69736d0f71880804,12,12,405,405
545837dd69736d0f71880804,14,14,405,406
545837dd69736d0f71880804,450,450,411,411
54583a8c69736d0f71512d04,475,476,322,322
54583a8c69736d0f71512d04,476,476,322,322
54583a8c69736d0f71512d04,475,477,324,325
54583a8c69736d0f71512d04,477,477,324,324
54583a8c69736d0f71512d04,461,464,329,335
54583a8c69736d0f71512d04,471,475,334,338
54583a8c69736d0f71512d04,476,478,336,337
54583a8c69736d0f71512d04,478,478,336,336
54583a8c69736d0f71512d04,458,458,341,341
54583a8c69736d0f71512d04,459,459,342,342
54583a8c69736d0f71512d04,486,487,344,344
54583a8c69736d0f71512d04,487,487,344,344
54583a8c69736d0f71512d04,484,484,346,347
54583a8c69736d0f71512d04,16,16,368,368
54583a8c69736d0f71512d04,466,468,373,376
54583a8c69736d0f71512d04,468,468,373,373
54583a8c69736d0f71512d04,485,485,384,384
54583a8c69736d0f71512d04,463,463,386,386
54583a8c69736d0f71512d04,482,484,386,388
54583a8c69736d0f71512d04,484,484,386,386
54583a8c69736d0f71512d04,495,495,389,389
54583a8c69736d0f71512d04,478,482,405,408
54583a8c69736d0f71512d04,479,479,409,409
54583a8c69736d0f71512d04,506,507,409,410
54583a8c69736d0f71512d04,505,507,414,416
54583a8c69736d0f71512d04,507,507,414,414
54583a8c69736d0f71512d04,491,499,415,421
54583a8c69736d0f71512d04,494,494,415,415
54583a8c69736d0f71512d04,495,495,415,415
54583a8c69736d0f71512d04,496,496,415,415
54583a8c69736d0f71512d04,497,497,415,415
54583a8c69736d0f71512d04,487,488,418,421
54583a8c69736d0f71512d04,506,506,421,422
54583a8c69736d0f71512d04,482,482,422,423
54583a8c69736d0f71512d04,485,485,423,423
54583a8c69736d0f71512d04,493,494,428,429
54583a8c69736d0f71512d04,494,494,428,428
54583a8c69736d0f71512d04,490,491,431,431
54583a8c69736d0f71512d04,491,491,431,431
54583a8c69736d0f71512d04,481,483,432,433
54583a8c69736d0f71512d04,482,482,432,432
54583a8c69736d0f71512d04,483,483,432,432
54583a8c69736d0f71512d04,488,488,432,432
54583a8c69736d0f71512d04,492,493,432,432
54583a8c69736d0f71512d04,493,493,432,432
54583c0a69736d0f711c4204,439,439,12,12
54583c0a69736d0f711c4204,415,415,56,58
54583c0a69736d0f711c4204,302,302,112,112
54583c0a69736d0f711c4204,3,3,190,190
54583c0a69736d0f711c4204,8,8,193,193
54583c0a69736d0f711c4204,11,11,193,193
54583c0a69736d0f711c4204,12,13,194,194
54583c0a69736d0f711c4204,13,13,194,194
54583c0a69736d0f711c4204,14,14,195,195
54583c0a69736d0f711c4204,16,16,199,200
54583c0a69736d0f711c4204,17,17,201,202
54583c0a69736d0f711c4204,20,20,204,204
54583c0a69736d0f711c4204,23,23,205,205
54583c0a69736d0f711c4204,44,44,207,207
54583c0a69736d0f711c4204,34,35,208,208
54583c0a69736d0f711c4204,35,35,208,208
54583c0a69736d0f711c4204,45,45,208,208
54583c0a69736d0f711c4204,24,24,209,209
54583c0a69736d0f711c4204,32,33,209,209
54583c0a69736d0f711c4204,46,46,209,209
54583c0a69736d0f711c4204,25,25,210,210
54583c0a69736d0f711c4204,31,31,210,210
54583c0a69736d0f711c4204,49,49,210,210
54583c0a69736d0f711c4204,27,29,211,212
54583c0a69736d0f711c4204,28,28,211,211
54583c0a69736d0f711c4204,30,30,211,211
54583c0a69736d0f711c4204,13,15,212,215
54583c0a69736d0f711c4204,14,14,212,212
54583c0a69736d0f711c4204,60,60,217,217
54583c0a69736d0f711c4204,64,64,218,218
54583c0a69736d0f711c4204,69,69,219,219
54583c0a69736d0f711c4204,71,73,220,220
54583c0a69736d0f711c4204,72,72,220,220
54583c0a69736d0f711c4204,73,73,220,220
54583c0a69736d0f711c4204,76,76,221,221
54583c0a69736d0f711c4204,26,27,222,223
54583c0a69736d0f711c4204,79,79,222,222
54583c0a69736d0f711c4204,33,34,226,226
54583c0a69736d0f711c4204,34,34,226,226
54583c0a69736d0f711c4204,85,85,226,226
54583c0a69736d0f711c4204,96,98,231,231
54583c0a69736d0f711c4204,97,97,231,231
54583c0a69736d0f711c4204,98,98,231,231
54583c0a69736d0f711c4204,59,61,235,238
54583c0a69736d0f711c4204,60,60,235,235
54583c0a69736d0f711c4204,164,165,235,235
54583c0a69736d0f711c4204,165,165,235,235
54583c0a69736d0f711c4204,163,163,236,237
54583c0a69736d0f711c4204,169,173,236,236
54583c0a69736d0f711c4204,170,170,236,236
54583c0a69736d0f711c4204,171,171,236,236
54583c0a69736d0f711c4204,172,172,236,236
54583c0a69736d0f711c4204,173,173,236,236
54583c0a69736d0f711c4204,177,177,237,237
54583c0a69736d0f711c4204,82,82,238,238
54583c0a69736d0f711c4204,64,66,239,239
54583c0a69736d0f711c4204,65,65,239,239
54583c0a69736d0f711c4204,66,66,239,239
54583c0a69736d0f711c4204,111,111,239,239
54583c0a69736d0f711c4204,183,183,239,239
54583c0a69736d0f711c4204,76,77,240,240
54583c0a69736d0f711c4204,77,77,240,240
54583c0a69736d0f711c4204,114,114,240,240
54583c0a69736d0f711c4204,119,119,240,240
54583c0a69736d0f711c4204,287,287,240,240
54583c0a69736d0f711c4204,78,84,241,244
54583c0a69736d0f711c4204,81,81,241,241
54583c0a69736d0f711c4204,82,82,241,241
54583c0a69736d0f711c4204,83,83,241,241
54583c0a69736d0f711c4204,115,115,241,241
54583c0a69736d0f711c4204,87,87,242,242
54583c0a69736d0f711c4204,91,94,243,245
54583c0a69736d0f711c4204,92,92,243,243
54583c0a69736d0f711c4204,93,93,243,243
54583c0a69736d0f711c4204,116,116,243,243
54583c0a69736d0f711c4204,161,161,243,244
54583c0a69736d0f711c4204,118,118,249,250
54583c0a69736d0f711c4204,129,129,254,254
54583c0a69736d0f711c4204,132,132,254,254
54583c0a69736d0f711c4204,138,138,254,254
54583c0a69736d0f711c4204,140,140,254,254
54583c0a69736d0f711c4204,142,142,254,254
54583c0a69736d0f711c4204,122,125,255,255
54583c0a69736d0f711c4204,123,123,255,255
54583c0a69736d0f711c4204,124,124,255,255
54583c0a69736d0f711c4204,125,125,255,255
54583c0a69736d0f711c4204,140,140,263,263
54583c0a69736d0f711c4204,270,271,363,364
54583c0a69736d0f711c4204,271,271,363,363
54583dde69736d0f71355b04,8,8,43,44
54583dde69736d0f71355b04,8,8,48,48
54583dde69736d0f71355b04,12,22,48,62
54583dde69736d0f71355b04,13,13,48,48
54583dde69736d0f71355b04,14,14,48,48
54583dde69736d0f71355b04,15,15,48,48
54583dde69736d0f71355b04,10,11,49,49
54583dde69736d0f71355b04,11,11,49,49
54583dde69736d0f71355b04,24,24,55,55
54583dde69736d0f71355b04,11,41,63,143
54583dde69736d0f71355b04,22,22,63,63
54583dde69736d0f71355b04,14,15,80,80
54583dde69736d0f71355b04,15,15,80,80
54583dde69736d0f71355b04,13,13,98,100
54583dde69736d0f71355b04,26,26,108,108
54583dde69736d0f71355b04,27,27,109,109
54583dde69736d0f71355b04,28,28,110,111
54583dde69736d0f71355b04,32,32,118,118
54583dde69736d0f71355b04,33,47,146,165
54583dde69736d0f71355b04,40,40,146,146
54583dde69736d0f71355b04,41,41,146,146
54583dde69736d0f71355b04,45,48,161,168
54583dde69736d0f71355b04,54,54,161,161
54583dde69736d0f71355b04,35,40,168,169
54583dde69736d0f71355b04,36,36,168,168
54583dde69736d0f71355b04,37,37,168,168
54583dde69736d0f71355b04,38,38,168,168
54583dde69736d0f71355b04,39,39,168,168
54583dde69736d0f71355b04,40,40,168,168
54583dde69736d0f71355b04,47,49,173,175
54583dde69736d0f71355b04,46,46,176,176
54583dde69736d0f71355b04,42,43,178,180
54583dde69736d0f71355b04,46,46,178,178
54583dde69736d0f71355b04,48,50,179,180
54583dde69736d0f71355b04,48,56,184,190
54583dde69736d0f71355b04,50,50,184,184
54583dde69736d0f71355b04,51,51,184,184
54583dde69736d0f71355b04,43,46,185,187
54583dde69736d0f71355b04,45,45,185,185
54583dde69736d0f71355b04,46,46,185,185
54583dde69736d0f71355b04,64,95,187,226
54583dde69736d0f71355b04,58,62,189,191
54583dde69736d0f71355b04,60,60,189,189
54583dde69736d0f71355b04,61,61,189,189
54583dde69736d0f71355b04,62,62,189,189
54583dde69736d0f71355b04,56,56,191,191
54583dde69736d0f71355b04,97,123,219,233
54583dde69736d0f71355b04,111,111,219,219
54583dde69736d0f71355b04,96,96,220,220
54583dde69736d0f71355b04,102,102,220,220
54583dde69736d0f71355b04,97,97,221,221
54583dde69736d0f71355b04,101,101,221,221
54583dde69736d0f71355b04,98,98,222,222
54583dde69736d0f71355b04,124,133,234,239
54583dde69736d0f71355b04,127,127,234,234
54583dde69736d0f71355b04,128,128,234,234
54583dde69736d0f71355b04,129,129,234,234
54583dde69736d0f71355b04,130,130,234,234
54583dde69736d0f71355b04,136,156,235,244
54583dde69736d0f71355b04,137,137,235,235
54583dde69736d0f71355b04,138,138,235,235
54583dde69736d0f71355b04,154,173,246,263
54583dde69736d0f71355b04,156,156,246,246
54583dde69736d0f71355b04,157,157,246,246
54583dde69736d0f71355b04,177,177,269,269
54583dde69736d0f71355b04,175,175,272,272
54583dde69736d0f71355b04,177,185,276,281
54583dde69736d0f71355b04,179,179,276,276
54583dde69736d0f71355b04,184,184,276,276
54583dde69736d0f71355b04,185,195,281,285
54583dde69736d0f71355b04,186,186,281,281
54583dde69736d0f71355b04,187,187,281,281
54583dde69736d0f71355b04,202,205,286,289
54583dde69736d0f71355b04,203,203,286,286
54583dde69736d0f71355b04,204,204,286,286
54583dde69736d0f71355b04,207,207,286,286
54583dde69736d0f71355b04,180,180,287,287
54583dde69736d0f71355b04,208,209,290,293
54583dde69736d0f71355b04,210,216,294,299
54583dde69736d0f71355b04,215,215,294,294
54583dde69736d0f71355b04,213,232,301,317
54583dde69736d0f71355b04,216,216,301,301
54583dde69736d0f71355b04,223,223,303,303
54583dde69736d0f71355b04,531,531,321,321
54583dde69736d0f71355b04,509,510,322,322
54583dde69736d0f71355b04,510,510,322,322
54583dde69736d0f71355b04,235,237,324,327
54583dde69736d0f71355b04,496,496,324,324
54583dde69736d0f71355b04,244,244,325,325
54583dde69736d0f71355b04,245,245,326,326
54583dde69736d0f71355b04,516,524,336,349
54583dde69736d0f71355b04,519,519,336,336
54583dde69736d0f71355b04,520,520,336,336
54583dde69736d0f71355b04,521,521,336,336
54583dde69736d0f71355b04,257,257,342,342
54583dde69736d0f71355b04,245,249,344,350
54583dde69736d0f71355b04,271,271,345,345
54583dde69736d0f71355b04,251,272,349,367
54583dde69736d0f71355b04,252,252,349,349
54583dde69736d0f71355b04,253,253,349,349
54583dde69736d0f71355b04,254,254,349,349
54583dde69736d0f71355b04,255,255,349,349
54583dde69736d0f71355b04,256,256,349,349
54583dde69736d0f71355b04,257,257,349,349
54583dde69736d0f71355b04,258,258,349,349
54583dde69736d0f71355b04,520,523,350,353
54583dde69736d0f71355b04,521,521,350,350
54583dde69736d0f71355b04,276,286,352,359
54583dde69736d0f71355b04,277,277,352,352
54583dde69736d0f71355b04,278,278,352,352
54583dde69736d0f71355b04,279,279,352,352
54583dde69736d0f71355b04,234,245,358,366
54583dde69736d0f71355b04,237,237,358,358
54583dde69736d0f71355b04,238,238,358,358
54583dde69736d0f71355b04,239,239,358,358
54583dde69736d0f71355b04,256,259,358,361
54583dde69736d0f71355b04,285,289,360,362
54583dde69736d0f71355b04,286,286,360,360
54583dde69736d0f71355b04,287,287,360,360
54583dde69736d0f71355b04,288,288,360,360
54583dde69736d0f71355b04,289,289,360,360
54583dde69736d0f71355b04,314,314,361,361
54583dde69736d0f71355b04,292,294,365,367
54583dde69736d0f71355b04,293,293,365,365
54583dde69736d0f71355b04,302,303,367,368
54583dde69736d0f71355b04,295,295,368,368
54583dde69736d0f71355b04,261,263,369,371
54583dde69736d0f71355b04,262,262,369,369
54583dde69736d0f71355b04,263,263,369,369
54583dde69736d0f71355b04,295,297,369,379
54583dde69736d0f71355b04,306,306,369,369
54583dde69736d0f71355b04,304,304,370,370
54583dde69736d0f71355b04,264,266,373,375
54583dde69736d0f71355b04,265,265,373,373
54583dde69736d0f71355b04,266,266,373,373
54583dde69736d0f71355b04,267,267,375,375
54583dde69736d0f71355b04,297,301,377,383
54583dde69736d0f71355b04,337,337,382,382
54583dde69736d0f71355b04,300,301,386,387
54583dde69736d0f71355b04,454,457,389,395
54583dde69736d0f71355b04,338,338,390,390
54583dde69736d0f71355b04,424,452,395,402
54583dde69736d0f71355b04,449,449,395,395
54583dde69736d0f71355b04,450,450,395,395
54583dde69736d0f71355b04,451,451,395,395
54583dde69736d0f71355b04,413,420,400,404
54583dde69736d0f71355b04,415,415,400,400
54583dde69736d0f71355b04,416,416,400,400
54583dde69736d0f71355b04,417,417,400,400
54583dde69736d0f71355b04,418,418,400,400
54583dde69736d0f71355b04,419,419,400,400
54583dde69736d0f71355b04,449,451,403,404
54583dde69736d0f71355b04,450,450,403,403
54583dde69736d0f71355b04,397,399,410,415
54583dde69736d0f71355b04,399,399,410,410
54583dde69736d0f71355b04,337,338,417,417
54583dde69736d0f71355b04,338,338,417,417
54583dde69736d0f71355b04,395,396,417,419
54583dde69736d0f71355b04,388,391,420,423
54583dde69736d0f71355b04,391,391,420,420
54583dde69736d0f71355b04,328,329,421,422
54583dde69736d0f71355b04,332,332,421,424
54583dde69736d0f71355b04,325,325,422,422
54583dde69736d0f71355b04,325,329,423,428
54583dde69736d0f71355b04,390,392,426,427
54583dde69736d0f71355b04,391,391,426,426
54583dde69736d0f71355b04,332,332,428,429
54583dde69736d0f71355b04,348,348,428,428
54583dde69736d0f71355b04,337,337,429,432
54583dde69736d0f71355b04,339,352,430,444
54583dde69736d0f71355b04,356,356,431,431
54583dde69736d0f71355b04,322,324,432,432
54583dde69736d0f71355b04,323,323,432,432
54583dde69736d0f71355b04,324,324,432,432
54583dde69736d0f71355b04,330,331,432,434
54583dde69736d0f71355b04,331,331,432,432
54583dde69736d0f71355b04,329,336,433,445
54583dde69736d0f71355b04,336,336,433,433
54583dde69736d0f71355b04,320,320,437,438
54583dde69736d0f71355b04,389,391,439,441
54583dde69736d0f71355b04,390,390,439,439
54583dde69736d0f71355b04,391,391,439,439
54583dde69736d0f71355b04,319,323,440,443
54583dde69736d0f71355b04,320,320,440,440
54583dde69736d0f71355b04,321,321,440,440
54583dde69736d0f71355b04,322,322,440,440
54583dde69736d0f71355b04,359,359,443,444
54583dde69736d0f71355b04,385,387,444,447
54583dde69736d0f71355b04,358,360,445,447
54583dde69736d0f71355b04,336,342,446,448
54583dde69736d0f71355b04,337,337,446,446
54583dde69736d0f71355b04,338,338,446,446
54583dde69736d0f71355b04,339,339,446,446
54583dde69736d0f71355b04,340,340,446,446
54583dde69736d0f71355b04,344,344,447,447
54583dde69736d0f71355b04,346,347,449,450
54583dde69736d0f71355b04,347,347,449,449
545843ed69736d0f7103af04,62,63,265,266
545843ed69736d0f7103af04,63,63,265,265
545843ed69736d0f7103af04,80,81,268,269
545843ed69736d0f7103af04,81,81,268,268
545843ed69736d0f7103af04,107,108,286,286
545843ed69736d0f7103af04,108,108,286,286
545843ed69736d0f7103af04,111,111,294,295
